date,bank,banknm,value,flow,active,new,stop,revolving,installment,transactions,npl
2015/1,CTCB,中信,54137844 ,5820462 ,3763510 ,96600 ,32840 ,15298264 ,13612276 ,25227304 ,0.15
2015/1,UWCB,國泰,49437822 ,4797855 ,3371865 ,67494 ,32495 ,14674436 ,10009057 ,24754329 ,0.13
2015/1,CITI,花旗,47060641 ,2907945 ,2488489 ,19561 ,30528 ,17258483 ,9781715 ,20020443 ,0.49
2015/1,ESUN,玉山,35862864 ,3715397 ,2555721 ,48512 ,27383 ,10557726 ,6904779 ,18400359 ,0.23
2015/1,TSIB,台新,33294166 ,3514678 ,2408179 ,46223 ,28772 ,10469862 ,8593865 ,14230439 ,0.26
2015/1,TPBK,富邦,24972835 ,2376014 ,1612315 ,32688 ,24669 ,6917743 ,5185897 ,12869195 ,0.20
2015/1,SINO,永豐,16265737 ,2184231 ,1321057 ,19290 ,13230 ,4936312 ,4236907 ,7092518 ,0.30
2015/1,FEIN,遠東,15193953 ,1493439 ,1012732 ,14502 ,8844 ,5375103 ,4714935 ,5103915 ,0.26
2015/1,UBOT,聯邦,13155605 ,1777391 ,791475 ,22905 ,16288 ,5102301 ,2944430 ,5108874 ,0.27
2015/1,TCBB,匯豐,9555882 ,618602 ,440435 ,9153 ,6353 ,3166003 ,2044088 ,4345791 ,0.26
2015/1,ANZB,澳盛,8523711 ,645317 ,382432 ,5517 ,4524 ,3474105 ,1581913 ,3467693 ,0.31
2015/1,MKTB,新光,6697613 ,915711 ,449771 ,7713 ,5476 ,2259945 ,1295287 ,3142381 ,0.18
2015/1,OURB,大眾,6410823 ,591031 ,292736 ,9195 ,7598 ,913845 ,3721414 ,1775564 ,0.00
2015/1,FCBK,第一,5778777 ,813420 ,555037 ,15215 ,8392 ,1309186 ,915441 ,3554150 ,0.23
2015/1,HNBK,華南,4612454 ,749151 ,517241 ,12108 ,9691 ,665331 ,807054 ,3140069 ,0.08
2015/1,SCBL,渣打,4594243 ,418806 ,272500 ,10552 ,4529 ,2276253 ,696624 ,1621366 ,0.50
2015/1,ICBC,兆豐,4422713 ,569958 ,386467 ,6661 ,6186 ,1313518 ,693948 ,2415247 ,0.16
2015/1,AE,美運,4191867 ,161932 ,89728 ,3028 ,2613 ,328661 ,0 ,3863206 ,0.09
2015/1,TACB,合庫,2493268 ,400723 ,237647 ,2606 ,7719 ,602344 ,193005 ,1697919 ,0.93
2015/1,APBK,元大,2349195 ,314627 ,152457 ,8171 ,1919 ,474280 ,281636 ,1593279 ,0.26
2015/1,CSMB,凱基,2294583 ,496348 ,193451 ,5168 ,4100 ,1301382 ,262575 ,730626 ,1.36
2015/1,SCSB,上海,2226855 ,387885 ,198848 ,1303 ,5180 ,780976 ,221080 ,1224799 ,0.76
2015/1,ENTI,安泰,1995411 ,204451 ,71396 ,1025 ,1016 ,485517 ,1049381 ,460513 ,0.25
2015/1,MBBT,台企銀,1558033 ,336640 ,135226 ,1164 ,1844 ,580031 ,112644 ,865358 ,0.22
2015/1,CCBC,彰化,1302161 ,391021 ,205866 ,4243 ,4129 ,196021 ,75973 ,1030167 ,0.22
2015/1,JSIB,日盛,1134830 ,192269 ,108054 ,406 ,939 ,507176 ,228739 ,398915 ,0.29
2015/1,BKTW,台銀,910108 ,225744 ,115423 ,502 ,1591 ,241782 ,14702 ,653624 ,0.33
2015/1,AEON,永旺,646681 ,109293 ,82025 ,2924 ,11652 ,342716 ,89927 ,214038 ,1.60
2015/1,TCBB,台中,609216 ,156299 ,59402 ,1548 ,762 ,212878 ,37656 ,358682 ,1.68
2015/1,LBOT,土地,571387 ,123416 ,54717 ,654 ,817 ,204883 ,28732 ,337772 ,0.34
2015/1,SUNY,陽信,560615 ,66629 ,37552 ,995 ,567 ,280711 ,45423 ,234481 ,0.40
2015/1,COBK,三信,178676 ,16466 ,11127 ,494 ,73 ,33860 ,16233 ,128583 ,0.34
2015/1,BKAO,高雄,137837 ,9052 ,4615 ,75 ,54 ,5741 ,235 ,131861 ,0.04
2015/1,HTBK,華泰,86471 ,10501 ,6726 ,32 ,69 ,19700 ,3267 ,63504 ,0.76
2015/1,DBSS,星展,82037 ,12544 ,6575 ,120 ,120 ,17494 ,946 ,63597 ,0.65
2015/1,RT,樂天,2360 ,879 ,173 ,747 ,1 ,26 ,4 ,2330 ,0.00
2015/2,CTCB,中信,53454077 ,5826421 ,3793427 ,49341 ,34009 ,14908051 ,13336486 ,25209540 ,0.16
2015/2,UWCB,國泰,47412531 ,4830914 ,3400863 ,55230 ,22171 ,14468701 ,9985472 ,22958358 ,0.11
2015/2,CITI,花旗,45565372 ,2929905 ,2501556 ,13368 ,25821 ,17431944 ,9831788 ,18301640 ,0.61
2015/2,ESUN,玉山,34617343 ,3725189 ,2570752 ,28676 ,18884 ,10482070 ,6836497 ,17298776 ,0.22
2015/2,TSIB,台新,32520969 ,3530779 ,2415822 ,31093 ,14992 ,10450014 ,8450723 ,13620232 ,0.25
2015/2,TPBK,富邦,23261633 ,2381816 ,1613526 ,22832 ,17030 ,6846999 ,5016188 ,11398446 ,0.18
2015/2,SINO,永豐,15761012 ,2180900 ,1317301 ,13189 ,16520 ,4941508 ,4185987 ,6633517 ,0.27
2015/2,FEIN,遠東,14601074 ,1482479 ,1016220 ,10671 ,21646 ,5420872 ,4682542 ,4497660 ,0.28
2015/2,UBOT,聯邦,12994864 ,1772811 ,796158 ,10102 ,14682 ,5058782 ,2964661 ,4971421 ,0.26
2015/2,TCBB,匯豐,8935898 ,620837 ,443960 ,6915 ,4680 ,3107059 ,1991171 ,3837668 ,0.28
2015/2,ANZB,澳盛,8048736 ,637181 ,380200 ,3963 ,12043 ,3434005 ,1614615 ,3000116 ,0.35
2015/2,MKTB,新光,6756968 ,898152 ,450493 ,8131 ,4039 ,2242435 ,1296845 ,3217688 ,0.15
2015/2,OURB,大眾,6118737 ,591668 ,294166 ,7327 ,6664 ,906083 ,3673130 ,1539524 ,0.00
2015/2,FCBK,第一,5750680 ,820834 ,561420 ,11428 ,6011 ,1313614 ,947925 ,3489141 ,0.20
2015/2,HNBK,華南,4507730 ,749500 ,521096 ,8874 ,6561 ,646298 ,818601 ,3042831 ,0.11
2015/2,SCBL,渣打,4411949 ,421540 ,274861 ,6423 ,3639 ,2269082 ,664940 ,1477927 ,0.52
2015/2,ICBC,兆豐,4386869 ,571239 ,386102 ,5339 ,4058 ,1332758 ,716593 ,2337518 ,0.13
2015/2,AE,美運,3626787 ,162219 ,89755 ,2210 ,1923 ,331005 ,0 ,3295782 ,0.08
2015/2,TACB,合庫,2791253 ,395722 ,237050 ,1876 ,7452 ,582198 ,214326 ,1994729 ,0.47
2015/2,APBK,元大,2240914 ,323288 ,158407 ,9708 ,1351 ,436748 ,270582 ,1533584 ,0.23
2015/2,CSMB,凱基,2210424 ,497641 ,194197 ,4480 ,3193 ,1311113 ,253889 ,645422 ,1.45
2015/2,SCSB,上海,1971790 ,386692 ,197053 ,1043 ,2236 ,749775 ,214345 ,1007670 ,0.59
2015/2,ENTI,安泰,1905448 ,204291 ,70917 ,800 ,679 ,484802 ,1030543 ,390103 ,0.29
2015/2,MBBT,台企銀,1594153 ,336339 ,134468 ,982 ,1283 ,577368 ,107329 ,909456 ,0.19
2015/2,CCBC,彰化,1290694 ,393646 ,203693 ,4263 ,2283 ,208539 ,81568 ,1000587 ,0.13
2015/2,JSIB,日盛,1109761 ,192012 ,108007 ,383 ,640 ,494578 ,236521 ,378662 ,0.26
2015/2,BKTW,台銀,881240 ,225585 ,114319 ,362 ,813 ,237414 ,16461 ,627365 ,0.46
2015/2,AEON,永旺,606486 ,107848 ,74068 ,243 ,1693 ,330221 ,87844 ,188421 ,1.57
2015/2,TCBB,台中,594974 ,157347 ,59826 ,1808 ,536 ,193177 ,37565 ,364232 ,2.06
2015/2,LBOT,土地,557565 ,123608 ,54397 ,574 ,456 ,201523 ,27982 ,328060 ,0.25
2015/2,SUNY,陽信,530422 ,66977 ,37778 ,861 ,376 ,262978 ,47177 ,220267 ,0.71
2015/2,COBK,三信,161281 ,16556 ,11162 ,202 ,58 ,35985 ,14229 ,111067 ,0.31
2015/2,BKAO,高雄,127942 ,9067 ,4395 ,44 ,27 ,5700 ,223 ,122019 ,0.03
2015/2,HTBK,華泰,81064 ,10451 ,6760 ,14 ,52 ,22185 ,4227 ,54652 ,0.93
2015/2,DBSS,星展,75671 ,12549 ,6519 ,70 ,65 ,16463 ,878 ,58330 ,0.77
2015/2,RT,樂天,27851 ,2493 ,1295 ,1607 ,1 ,12 ,3787 ,24052 ,0.00
2015/3,CTCB,中信,53647155 ,5824038 ,3795715 ,55567 ,48324 ,14441089 ,12985631 ,26220435 ,0.17
2015/3,UWCB,國泰,52129201 ,4876939 ,3403593 ,77705 ,31680 ,13636812 ,9614009 ,28878380 ,0.12
2015/3,CITI,花旗,45309585 ,2926715 ,2505394 ,19947 ,33114 ,16481970 ,9137625 ,19689990 ,0.52
2015/3,ESUN,玉山,34844097 ,3747352 ,2585672 ,43246 ,21083 ,10432675 ,6680871 ,17730551 ,0.24
2015/3,TSIB,台新,33202835 ,3556402 ,2420420 ,45084 ,19461 ,10343499 ,8199931 ,14659405 ,0.25
2015/3,TPBK,富邦,25524141 ,2382773 ,1614846 ,23781 ,22824 ,6670440 ,4977895 ,13875806 ,0.21
2015/3,SINO,永豐,16473015 ,2188742 ,1317448 ,23367 ,15525 ,4898522 ,4011878 ,7562615 ,0.30
2015/3,FEIN,遠東,14502234 ,1487942 ,1018102 ,14178 ,8739 ,5227646 ,4686971 ,4587617 ,0.31
2015/3,UBOT,聯邦,12697617 ,1756151 ,785839 ,15158 ,31818 ,4967357 ,2776778 ,4953482 ,0.30
2015/3,TCBB,匯豐,9245289 ,623742 ,443146 ,9832 ,6927 ,3065776 ,1923824 ,4255689 ,0.28
2015/3,ANZB,澳盛,8457194 ,638413 ,380658 ,6089 ,5032 ,3410308 ,1574879 ,3472007 ,0.36
2015/3,MKTB,新光,7494972 ,895162 ,452912 ,12008 ,5735 ,2197641 ,1213360 ,4083971 ,0.15
2015/3,OURB,大眾,6149861 ,582656 ,297078 ,10509 ,19403 ,893329 ,3465275 ,1791257 ,0.00
2015/3,FCBK,第一,5971710 ,832361 ,566599 ,17151 ,8621 ,1290261 ,899221 ,3782228 ,0.20
2015/3,HNBK,華南,4810103 ,753080 ,526403 ,15778 ,10113 ,641654 ,834567 ,3333882 ,0.05
2015/3,SCBL,渣打,4462693 ,422775 ,275080 ,6690 ,5473 ,2226565 ,626330 ,1609798 ,0.50
2015/3,ICBC,兆豐,4411412 ,576756 ,388372 ,10074 ,4557 ,1251633 ,686480 ,2473299 ,0.13
2015/3,AE,美運,4222225 ,162557 ,89401 ,3384 ,3046 ,319674 ,0 ,3902551 ,0.11
2015/3,TACB,合庫,2885376 ,391199 ,234614 ,3465 ,8593 ,556673 ,196706 ,2131997 ,0.37
2015/3,APBK,元大,2586614 ,332323 ,165049 ,10855 ,2248 ,435173 ,299612 ,1851829 ,0.23
2015/3,CSMB,凱基,2354298 ,499423 ,195081 ,5736 ,4402 ,1282702 ,235856 ,835740 ,1.38
2015/3,SCSB,上海,2213284 ,383187 ,196030 ,1464 ,4969 ,753803 ,206510 ,1252971 ,0.85
2015/3,ENTI,安泰,1984419 ,204338 ,71207 ,1386 ,755 ,474053 ,1061627 ,448739 ,0.45
2015/3,MBBT,台企銀,1550174 ,336218 ,133248 ,1557 ,1677 ,560027 ,105657 ,884490 ,0.20
2015/3,CCBC,彰化,1414282 ,399521 ,202674 ,7999 ,3291 ,258275 ,83125 ,1072882 ,0.24
2015/3,JSIB,日盛,1131520 ,191647 ,106882 ,639 ,1004 ,492945 ,225983 ,412592 ,0.35
2015/3,BKTW,台銀,924034 ,225717 ,113058 ,768 ,1033 ,236436 ,15500 ,672098 ,0.38
2015/3,TCBB,台中,624032 ,158569 ,59825 ,2100 ,773 ,214512 ,34654 ,374866 ,1.46
2015/3,AEON,永旺,583717 ,106288 ,65496 ,347 ,2010 ,317675 ,81244 ,184798 ,1.85
2015/3,LBOT,土地,572245 ,123745 ,54426 ,877 ,893 ,197482 ,26129 ,348634 ,0.27
2015/3,SUNY,陽信,570364 ,67831 ,37814 ,1546 ,619 ,274544 ,50076 ,245744 ,0.35
2015/3,COBK,三信,153445 ,16702 ,11241 ,304 ,72 ,32579 ,14775 ,106091 ,0.14
2015/3,BKAO,高雄,140510 ,9068 ,4262 ,42 ,51 ,5883 ,212 ,134415 ,0.28
2015/3,RT,樂天,114013 ,5677 ,3610 ,3192 ,15 ,934 ,28401 ,84678 ,0.00
2015/3,DBSS,星展,82129 ,12559 ,6394 ,91 ,81 ,16883 ,811 ,64435 ,0.22
2015/3,HTBK,華泰,80155 ,10382 ,6763 ,13 ,82 ,19039 ,3884 ,57232 ,0.43
2015/4,CTCB,中信,52771857 ,5831045 ,3810434 ,44190 ,35565 ,14082859 ,12847957 ,25841041 ,0.16
2015/4,UWCB,國泰,51566281 ,4917701 ,3435466 ,66839 ,26077 ,13760818 ,9807438 ,27998025 ,0.11
2015/4,CITI,花旗,45363381 ,2926548 ,2506372 ,18841 ,28179 ,16731486 ,9164024 ,19467871 ,0.50
2015/4,ESUN,玉山,36984312 ,3766780 ,2601778 ,39389 ,19961 ,10329741 ,6689420 ,19965151 ,0.22
2015/4,TSIB,台新,32646805 ,3572233 ,2419863 ,32867 ,17036 ,10291395 ,8079923 ,14275487 ,0.24
2015/4,TPBK,富邦,24427752 ,2371443 ,1612559 ,17335 ,28665 ,6679037 ,4821352 ,12927363 ,0.21
2015/4,SINO,永豐,16046594 ,2194349 ,1312517 ,20291 ,14684 ,4865288 ,4036340 ,7144966 ,0.51
2015/4,FEIN,遠東,14083471 ,1494199 ,1014744 ,12795 ,6562 ,5176466 ,4609869 ,4297136 ,0.29
2015/4,UBOT,聯邦,12667867 ,1759390 ,787714 ,19103 ,15864 ,4952398 ,2701491 ,5013978 ,0.29
2015/4,TCBB,匯豐,9145965 ,626586 ,445861 ,8949 ,6105 ,3012827 ,1915446 ,4217692 ,0.26
2015/4,ANZB,澳盛,8301810 ,639141 ,378811 ,5536 ,4835 ,3357359 ,1586210 ,3358241 ,0.35
2015/4,MKTB,新光,6902159 ,895126 ,455002 ,11287 ,4933 ,2185740 ,1231219 ,3485200 ,0.18
2015/4,OURB,大眾,6131453 ,588198 ,294177 ,10637 ,5059 ,882247 ,3494167 ,1755039 ,0.00
2015/4,FCBK,第一,5973818 ,841088 ,569934 ,13837 ,7764 ,1269019 ,927329 ,3777470 ,0.17
2015/4,HNBK,華南,4820052 ,758129 ,531828 ,15873 ,8149 ,643155 ,795624 ,3381273 ,0.11
2015/4,ICBC,兆豐,4407079 ,581694 ,390067 ,8788 ,3850 ,1246562 ,707608 ,2452909 ,0.15
2015/4,SCBL,渣打,4342545 ,422147 ,272852 ,3784 ,4498 ,2207438 ,598235 ,1536872 ,0.47
2015/4,AE,美運,4103827 ,162619 ,89380 ,2936 ,2874 ,314953 ,0 ,3788874 ,0.08
2015/4,TACB,合庫,2785185 ,388546 ,233133 ,3970 ,7277 ,562065 ,189155 ,2033965 ,0.47
2015/4,APBK,元大,2760309 ,343635 ,173735 ,12732 ,1823 ,432668 ,324815 ,2002826 ,0.19
2015/4,CSMB,凱基,2307930 ,500787 ,196940 ,5005 ,3522 ,1269429 ,230499 ,808002 ,1.37
2015/4,SCSB,上海,2076678 ,379260 ,194773 ,1343 ,5270 ,735275 ,204227 ,1137176 ,0.51
2015/4,ENTI,安泰,1941361 ,203429 ,71189 ,1123 ,549 ,467387 ,1063980 ,409994 ,0.57
2015/4,MBBT,台企銀,1546876 ,336015 ,132449 ,1511 ,1715 ,552511 ,106044 ,888321 ,0.18
2015/4,CCBC,彰化,1460635 ,405510 ,203853 ,7725 ,2527 ,269417 ,92973 ,1098245 ,0.21
2015/4,JSIB,日盛,1109789 ,191418 ,106011 ,545 ,774 ,486421 ,224364 ,399004 ,0.32
2015/4,BKTW,台銀,878607 ,226001 ,112318 ,817 ,909 ,230876 ,14836 ,632895 ,0.24
2015/4,TCBB,台中,628125 ,159664 ,60193 ,1857 ,645 ,211930 ,36163 ,380032 ,1.52
2015/4,AEON,永旺,556197 ,102729 ,55014 ,485 ,4072 ,309306 ,76003 ,170888 ,1.83
2015/4,SUNY,陽信,545082 ,68313 ,38534 ,1136 ,578 ,272390 ,48835 ,223857 ,0.64
2015/4,LBOT,土地,538381 ,124095 ,54257 ,823 ,551 ,194155 ,25110 ,319116 ,0.19
2015/4,COBK,三信,156960 ,16750 ,11326 ,187 ,60 ,31941 ,14658 ,110361 ,0.17
2015/4,BKAO,高雄,142272 ,9067 ,4129 ,41 ,49 ,5635 ,205 ,136432 ,0.09
2015/4,DBSS,星展,79572 ,12598 ,6327 ,145 ,106 ,16882 ,744 ,61946 ,0.49
2015/4,HTBK,華泰,78928 ,10344 ,6770 ,9 ,46 ,19393 ,3343 ,56192 ,0.46
2015/4,RT,樂天,68278 ,10129 ,6429 ,4447 ,20 ,1879 ,26979 ,39420 ,0.00
2015/5,CTCB,中信,51771770 ,5841873 ,3817898 ,36311 ,35786 ,13914684 ,12615306 ,25241780 ,0.18
2015/5,UWCB,國泰,50578750 ,4953225 ,3455208 ,61101 ,25577 ,13927581 ,9585444 ,27065725 ,0.14
2015/5,CITI,花旗,45549087 ,2923208 ,2505443 ,17161 ,29603 ,16784629 ,9164451 ,19600007 ,0.50
2015/5,ESUN,玉山,38581959 ,3785419 ,2621789 ,38636 ,19997 ,10282125 ,7188084 ,21111750 ,0.22
2015/5,TSIB,台新,31813555 ,3583601 ,2420880 ,30710 ,19342 ,10296179 ,7756534 ,13760842 ,0.25
2015/5,TPBK,富邦,24802114 ,2375060 ,1611842 ,20966 ,17349 ,6742904 ,4827114 ,13232096 ,0.19
2015/5,SINO,永豐,15848623 ,2199962 ,1310331 ,20348 ,14735 ,4883764 ,3965510 ,6999349 ,0.49
2015/5,FEIN,遠東,13951748 ,1499358 ,1013186 ,11217 ,6079 ,5235006 ,4493986 ,4222756 ,0.31
2015/5,UBOT,聯邦,12948223 ,1760832 ,789866 ,16399 ,14957 ,4955834 ,2652910 ,5339479 ,0.28
2015/5,TCBB,匯豐,8919838 ,629135 ,446705 ,8548 ,5999 ,2992449 ,1870326 ,4057063 ,0.22
2015/5,ANZB,澳盛,8189475 ,627266 ,379434 ,6661 ,18486 ,3337943 ,1573600 ,3277932 ,0.36
2015/5,MKTB,新光,6859160 ,893692 ,456522 ,8248 ,4795 ,2178860 ,1221016 ,3459284 ,0.17
2015/5,OURB,大眾,6126858 ,593056 ,296893 ,9778 ,4901 ,887731 ,3500063 ,1739064 ,0.00
2015/5,FCBK,第一,5969154 ,849535 ,573015 ,13193 ,7476 ,1297688 ,940633 ,3730833 ,0.15
2015/5,HNBK,華南,4790322 ,761255 ,537423 ,14462 ,7917 ,618970 ,896321 ,3275031 ,0.17
2015/5,ICBC,兆豐,4448026 ,587299 ,390658 ,9458 ,3853 ,1234572 ,707494 ,2505960 ,0.16
2015/5,AE,美運,4424375 ,162905 ,89384 ,3062 ,2776 ,319418 ,0 ,4104957 ,0.07
2015/5,SCBL,渣打,4304901 ,412118 ,265495 ,2329 ,12490 ,2198903 ,590588 ,1515410 ,0.45
2015/5,APBK,元大,2839120 ,357289 ,183957 ,15083 ,1991 ,434657 ,320552 ,2083911 ,0.19
2015/5,TACB,合庫,2828264 ,386757 ,233224 ,4120 ,5975 ,557486 ,188229 ,2082549 ,0.41
2015/5,CSMB,凱基,2370102 ,499770 ,198578 ,4158 ,6128 ,1265910 ,230879 ,873313 ,1.35
2015/5,SCSB,上海,2047895 ,375313 ,193538 ,1265 ,5212 ,742322 ,200042 ,1105531 ,0.61
2015/5,ENTI,安泰,1964593 ,201381 ,71057 ,1101 ,551 ,463545 ,1069860 ,431188 ,0.66
2015/5,MBBT,台企銀,1577614 ,335888 ,131746 ,1283 ,1410 ,547058 ,108702 ,921854 ,0.15
2015/5,CCBC,彰化,1407493 ,410605 ,203662 ,6783 ,2428 ,221553 ,94628 ,1091312 ,0.11
2015/5,JSIB,日盛,1085939 ,191277 ,105018 ,550 ,691 ,476858 ,221132 ,387949 ,0.31
2015/5,BKTW,台銀,893932 ,226028 ,111872 ,707 ,997 ,228626 ,13737 ,651569 ,0.18
2015/5,TCBB,台中,644671 ,161061 ,60611 ,2297 ,741 ,216905 ,35954 ,391812 ,1.77
2015/5,AEON,永旺,557801 ,101844 ,50350 ,189 ,1097 ,297873 ,74259 ,185669 ,1.94
2015/5,SUNY,陽信,554284 ,68675 ,38731 ,987 ,529 ,268494 ,47135 ,238655 ,0.73
2015/5,LBOT,土地,553577 ,123821 ,54262 ,913 ,1261 ,196542 ,23569 ,333466 ,0.21
2015/5,COBK,三信,170466 ,16804 ,11376 ,223 ,81 ,31596 ,13261 ,125609 ,0.20
2015/5,BKAO,高雄,149386 ,9062 ,4077 ,43 ,55 ,5482 ,199 ,143705 ,0.14
2015/5,RT,樂天,98273 ,14333 ,9640 ,4212 ,23 ,3983 ,27062 ,67228 ,0.00
2015/5,HTBK,華泰,83970 ,10332 ,6732 ,18 ,29 ,18968 ,2992 ,62010 ,1.01
2015/5,DBSS,星展,81322 ,12594 ,6253 ,64 ,68 ,18040 ,676 ,62606 ,1.03
2015/6,CTCB,中信,68574415 ,5834710 ,3814603 ,38912 ,38677 ,13903635 ,14430019 ,40240761 ,0.16
2015/6,UWCB,國泰,61730035 ,4988568 ,3469575 ,61177 ,25834 ,14139870 ,11526274 ,36063891 ,0.13
2015/6,ESUN,玉山,48102088 ,3797402 ,2641898 ,39004 ,27021 ,10274879 ,8787666 ,29039543 ,0.19
2015/6,CITI,花旗,47454265 ,2923602 ,2499517 ,19298 ,27670 ,16990890 ,8899525 ,21563850 ,0.43
2015/6,TSIB,台新,41646493 ,3564681 ,2415330 ,28031 ,46951 ,10324160 ,9845211 ,21477122 ,0.23
2015/6,TPBK,富邦,29749453 ,2403451 ,1605158 ,96557 ,68166 ,6792387 ,5499643 ,17457423 ,0.17
2015/6,SINO,永豐,19533418 ,2203939 ,1305286 ,20670 ,16693 ,4901850 ,4567204 ,10064364 ,0.45
2015/6,FEIN,遠東,19073745 ,1490141 ,1009591 ,10752 ,19986 ,5182258 ,6278721 ,7612766 ,0.25
2015/6,UBOT,聯邦,14580281 ,1775563 ,793914 ,26818 ,12087 ,4987352 ,3238315 ,6354614 ,0.25
2015/6,TCBB,匯豐,10577335 ,631808 ,448016 ,8448 ,5775 ,2970011 ,2355633 ,5251691 ,0.22
2015/6,MKTB,新光,9333462 ,895696 ,454303 ,6639 ,4443 ,2192376 ,1399565 ,5741521 ,0.14
2015/6,ANZB,澳盛,8800169 ,627350 ,379940 ,6173 ,6195 ,3317821 ,1601303 ,3881045 ,0.37
2015/6,OURB,大眾,7293793 ,597001 ,298069 ,9580 ,5599 ,909959 ,3897512 ,2486322 ,0.00
2015/6,HNBK,華南,6824807 ,765535 ,543281 ,15944 ,8218 ,659043 ,1395354 ,4770410 ,0.04
2015/6,FCBK,第一,6778599 ,858292 ,574424 ,14618 ,8647 ,1318567 ,1042923 ,4417109 ,0.12
2015/6,ICBC,兆豐,5708380 ,594242 ,394041 ,11200 ,4257 ,1240247 ,819124 ,3649009 ,0.15
2015/6,SCBL,渣打,4887253 ,408790 ,259438 ,2279 ,5435 ,2200414 ,743220 ,1943619 ,0.39
2015/6,TACB,合庫,4485581 ,388946 ,234366 ,6109 ,3960 ,552515 ,326848 ,3606218 ,0.21
2015/6,AE,美運,4232239 ,163177 ,89734 ,3562 ,3290 ,316800 ,0 ,3915439 ,0.11
2015/6,CSMB,凱基,3735570 ,499704 ,200479 ,4485 ,4275 ,1263945 ,848565 ,1623060 ,1.07
2015/6,APBK,元大,3716825 ,366464 ,193815 ,10753 ,2264 ,438071 ,474629 ,2804125 ,0.20
2015/6,CCBC,彰化,2948041 ,416148 ,202799 ,7227 ,2492 ,288365 ,93122 ,2566554 ,0.18
2015/6,SCSB,上海,2207351 ,372240 ,191826 ,1430 ,4503 ,774337 ,201207 ,1231807 ,0.47
2015/6,ENTI,安泰,2003286 ,198271 ,71258 ,1114 ,485 ,457002 ,1085450 ,460834 ,0.23
2015/6,MBBT,台企銀,1778163 ,335844 ,131559 ,1339 ,1383 ,545482 ,121579 ,1111102 ,0.18
2015/6,JSIB,日盛,1180419 ,191037 ,103250 ,577 ,817 ,476913 ,238913 ,464593 ,0.29
2015/6,BKTW,台銀,1037086 ,226550 ,111561 ,1069 ,885 ,228501 ,13204 ,795381 ,0.22
2015/6,TCBB,台中,700218 ,162573 ,61045 ,2812 ,732 ,224605 ,35004 ,440609 ,1.94
2015/6,LBOT,土地,660615 ,133373 ,57172 ,10216 ,1166 ,198641 ,24027 ,437947 ,0.23
2015/6,SUNY,陽信,581454 ,68973 ,39007 ,926 ,537 ,268356 ,54020 ,259078 ,0.39
2015/6,AEON,永旺,537709 ,100984 ,45816 ,188 ,1070 ,292911 ,71088 ,173710 ,1.84
2015/6,RT,樂天,162532 ,20217 ,14176 ,5910 ,49 ,7576 ,27180 ,127776 ,0.11
2015/6,BKAO,高雄,162444 ,9087 ,3979 ,53 ,29 ,5684 ,193 ,156567 ,0.13
2015/6,COBK,三信,161774 ,16797 ,11383 ,241 ,109 ,32598 ,13973 ,115203 ,0.42
2015/6,DBSS,星展,94060 ,12597 ,6185 ,67 ,64 ,18465 ,609 ,74986 ,0.93
2015/6,HTBK,華泰,93916 ,10326 ,6728 ,20 ,26 ,19594 ,2535 ,71787 ,0.16
2015/7,CTCB,中信,55187973 ,5841052 ,3804284 ,41114 ,35674 ,14061587 ,13449162 ,27677224 ,0.16
2015/7,UWCB,國泰,51930156 ,5023329 ,3495486 ,61481 ,26718 ,13996361 ,10922562 ,27011233 ,0.14
2015/7,CITI,花旗,44853770 ,2923745 ,2502213 ,19972 ,29401 ,16685198 ,8746615 ,19421957 ,0.46
2015/7,ESUN,玉山,40420496 ,3838437 ,2662913 ,62563 ,21528 ,10303733 ,9128320 ,20988443 ,0.20
2015/7,TSIB,台新,35257282 ,3560269 ,2415953 ,32970 ,37382 ,10407818 ,9542609 ,15306855 ,0.25
2015/7,TPBK,富邦,27216451 ,2280596 ,1586423 ,24992 ,147847 ,6788019 ,5206063 ,15222369 ,0.18
2015/7,SINO,永豐,17292048 ,2209480 ,1314781 ,22746 ,17205 ,4957498 ,4532722 ,7801828 ,0.42
2015/7,FEIN,遠東,15942244 ,1495432 ,1006835 ,13281 ,8002 ,5109091 ,6343350 ,4489803 ,0.25
2015/7,UBOT,聯邦,13635147 ,1789386 ,795962 ,29711 ,15888 ,4964683 ,3174118 ,5496346 ,0.25
2015/7,TCBB,匯豐,9509939 ,632102 ,447438 ,7049 ,6755 ,2979083 ,2126950 ,4403906 ,0.22
2015/7,ANZB,澳盛,8455385 ,626306 ,377912 ,5719 ,6503 ,3348390 ,1621877 ,3485118 ,0.35
2015/7,MKTB,新光,7125042 ,897462 ,456495 ,7878 ,6069 ,2180205 ,1270612 ,3674225 ,0.20
2015/7,OURB,大眾,6798418 ,602128 ,307397 ,10739 ,5580 ,905083 ,3975783 ,1917552 ,0.00
2015/7,FCBK,第一,6439566 ,867934 ,579465 ,16347 ,9676 ,1334070 ,1006001 ,4099495 ,0.13
2015/7,HNBK,華南,5508403 ,771724 ,550227 ,17273 ,8137 ,642097 ,1266260 ,3600046 ,0.13
2015/7,ICBC,兆豐,4525411 ,595526 ,395611 ,6767 ,5483 ,1198689 ,795839 ,2530883 ,0.18
2015/7,SCBL,渣打,4427800 ,405727 ,254890 ,2025 ,5133 ,2189288 ,710749 ,1527763 ,0.42
2015/7,AE,美運,4351634 ,162668 ,89233 ,2800 ,3309 ,320458 ,0 ,4031176 ,0.20
2015/7,APBK,元大,3414814 ,380332 ,202385 ,15970 ,2725 ,484338 ,442749 ,2487727 ,0.20
2015/7,TACB,合庫,2999343 ,390389 ,236440 ,4752 ,3382 ,567014 ,256084 ,2176245 ,0.31
2015/7,CSMB,凱基,2959031 ,502375 ,200915 ,6946 ,4645 ,1258917 ,743065 ,957049 ,1.12
2015/7,SCSB,上海,2227893 ,368499 ,190695 ,1288 ,5029 ,773564 ,206708 ,1247621 ,0.56
2015/7,ENTI,安泰,2012727 ,195703 ,70822 ,1261 ,654 ,451680 ,1114227 ,446820 ,0.35
2015/7,CCBC,彰化,1642554 ,421392 ,206487 ,7113 ,2768 ,303307 ,98096 ,1241151 ,0.31
2015/7,MBBT,台企銀,1537205 ,335356 ,130976 ,1257 ,1745 ,533633 ,112123 ,891449 ,0.24
2015/7,JSIB,日盛,1126578 ,190698 ,101849 ,569 ,908 ,476043 ,229523 ,421012 ,0.23
2015/7,BKTW,台銀,925661 ,227162 ,111271 ,1177 ,915 ,235660 ,12045 ,677956 ,0.18
2015/7,TCBB,台中,697047 ,169139 ,63245 ,8145 ,985 ,225108 ,35222 ,436717 ,2.27
2015/7,LBOT,土地,650525 ,145413 ,63872 ,12694 ,1216 ,199165 ,25530 ,425830 ,0.17
2015/7,SUNY,陽信,561983 ,69297 ,39030 ,918 ,514 ,266552 ,52774 ,242657 ,0.41
2015/7,AEON,永旺,533697 ,100190 ,44195 ,155 ,951 ,286001 ,72931 ,174765 ,1.48
2015/7,RT,樂天,215050 ,28738 ,20121 ,8561 ,82 ,13946 ,29391 ,171713 ,0.08
2015/7,BKAO,高雄,189330 ,9125 ,3976 ,94 ,56 ,6216 ,186 ,182928 ,0.27
2015/7,COBK,三信,165090 ,16825 ,11427 ,235 ,91 ,32443 ,14401 ,118246 ,0.29
2015/7,DBSS,星展,84890 ,12593 ,6167 ,96 ,100 ,18753 ,555 ,65582 ,0.48
2015/7,HTBK,華泰,79279 ,10307 ,6679 ,16 ,34 ,19997 ,2319 ,56963 ,0.27
2015/8,CTCB,中信,53819213 ,5843858 ,3810893 ,39595 ,36740 ,14010924 ,13121513 ,26686776 ,0.17
2015/8,UWCB,國泰,48891315 ,5062079 ,3532203 ,64262 ,25512 ,14068501 ,10101146 ,24721668 ,0.14
2015/8,CITI,花旗,43642452 ,2921708 ,2500244 ,18256 ,29957 ,16343146 ,8565007 ,18734299 ,0.47
2015/8,ESUN,玉山,40370023 ,3863455 ,2685819 ,46168 ,21150 ,10282227 ,9431165 ,20656631 ,0.20
2015/8,TSIB,台新,34200622 ,3565954 ,2420131 ,28553 ,22868 ,10429023 ,9138112 ,14633487 ,0.25
2015/8,TPBK,富邦,25667295 ,2274799 ,1603796 ,22096 ,27893 ,6897963 ,5048854 ,13720478 ,0.18
2015/8,SINO,永豐,16223077 ,2212411 ,1320620 ,19207 ,16276 ,4951975 ,4332111 ,6938991 ,0.41
2015/8,FEIN,遠東,15456003 ,1500324 ,1006496 ,12639 ,7757 ,5142391 ,5999608 ,4314004 ,0.27
2015/8,UBOT,聯邦,13428536 ,1797061 ,798527 ,25185 ,17510 ,4873886 ,3097816 ,5456834 ,0.25
2015/8,TCBB,匯豐,8765325 ,631542 ,446750 ,6035 ,6595 ,2956458 ,1840064 ,3968803 ,0.23
2015/8,ANZB,澳盛,8079224 ,626218 ,378771 ,5340 ,5483 ,3318311 ,1601683 ,3159230 ,0.36
2015/8,MKTB,新光,6783300 ,902155 ,459335 ,10362 ,6015 ,2172685 ,1141432 ,3469183 ,0.18
2015/8,OURB,大眾,6528154 ,604757 ,309198 ,9210 ,6538 ,923298 ,3855866 ,1748990 ,0.00
2015/8,FCBK,第一,6009962 ,877553 ,582122 ,16516 ,9632 ,1334665 ,970272 ,3705025 ,0.13
2015/8,HNBK,華南,5377619 ,778229 ,556501 ,16260 ,7272 ,652951 ,1292875 ,3431793 ,0.20
2015/8,ICBC,兆豐,4389185 ,597217 ,397344 ,6702 ,5011 ,1179371 ,747348 ,2462466 ,0.19
2015/8,SCBL,渣打,4290007 ,402583 ,250850 ,1528 ,4689 ,2182157 ,654105 ,1453745 ,0.41
2015/8,AE,美運,4083999 ,162229 ,89130 ,2705 ,3144 ,325573 ,0 ,3758426 ,0.26
2015/8,APBK,元大,3103416 ,391376 ,211893 ,12941 ,2483 ,441963 ,386132 ,2275321 ,0.19
2015/8,TACB,合庫,2823038 ,391489 ,236950 ,4342 ,3113 ,582907 ,178125 ,2062006 ,0.29
2015/8,CSMB,凱基,2735769 ,505215 ,202490 ,7142 ,3758 ,1240417 ,637831 ,857521 ,1.15
2015/8,SCSB,上海,2040616 ,367679 ,189936 ,1145 ,1965 ,745296 ,206478 ,1088842 ,0.46
2015/8,ENTI,安泰,2025868 ,193011 ,70747 ,1279 ,601 ,448186 ,1124626 ,453056 ,0.44
2015/8,CCBC,彰化,1575306 ,425898 ,208632 ,6222 ,2508 ,313378 ,96843 ,1165085 ,0.31
2015/8,MBBT,台企銀,1478761 ,334073 ,130447 ,859 ,2142 ,523412 ,104741 ,850608 ,0.25
2015/8,JSIB,日盛,1081033 ,190610 ,101091 ,621 ,709 ,475537 ,219315 ,386181 ,0.18
2015/8,BKTW,台銀,870478 ,227819 ,111332 ,1217 ,908 ,234512 ,11514 ,624452 ,0.17
2015/8,LBOT,土地,693035 ,156915 ,72014 ,12553 ,955 ,198892 ,26081 ,468062 ,0.28
2015/8,TCBB,台中,684399 ,177678 ,67763 ,10178 ,1031 ,236312 ,34730 ,413357 ,2.54
2015/8,SUNY,陽信,546068 ,69585 ,38591 ,852 ,478 ,265119 ,51752 ,229197 ,0.53
2015/8,AEON,永旺,526475 ,99611 ,42958 ,103 ,720 ,278739 ,71110 ,176626 ,1.46
2015/8,RT,樂天,220840 ,36758 ,27453 ,8091 ,128 ,17793 ,37096 ,165951 ,0.07
2015/8,BKAO,高雄,172099 ,9130 ,3964 ,98 ,93 ,6143 ,140 ,165816 ,0.23
2015/8,COBK,三信,155141 ,16785 ,11368 ,142 ,70 ,32720 ,13655 ,108766 ,0.22
2015/8,DBSS,星展,77400 ,12599 ,6108 ,75 ,69 ,18593 ,767 ,58040 ,0.62
2015/8,HTBK,華泰,75497 ,10295 ,6608 ,18 ,29 ,19242 ,2842 ,53413 ,0.28
2015/9,CTCB,中信,53323752 ,5852203 ,3822673 ,43498 ,35235 ,14070894 ,12869068 ,26383790 ,0.18
2015/9,UWCB,國泰,52382935 ,5095820 ,3564360 ,58358 ,24617 ,14012420 ,9471443 ,28899072 ,0.13
2015/9,CITI,花旗,42655424 ,2921345 ,2491077 ,18020 ,27323 ,15484572 ,8452513 ,18718339 ,0.50
2015/9,ESUN,玉山,41060490 ,3884314 ,2711900 ,41687 ,20828 ,10355919 ,9102993 ,21601578 ,0.20
2015/9,TSIB,台新,34395945 ,3575453 ,2419132 ,29707 ,20208 ,10511666 ,9137609 ,14746670 ,0.25
2015/9,TPBK,富邦,27099086 ,2275626 ,1605468 ,22924 ,22097 ,6946331 ,5094309 ,15058446 ,0.19
2015/9,SINO,永豐,16024438 ,2165121 ,1317764 ,17392 ,64682 ,5001745 ,4121166 ,6901527 ,0.41
2015/9,FEIN,遠東,15546829 ,1504646 ,1005363 ,11511 ,7200 ,5177096 ,5937135 ,4432598 ,0.31
2015/9,UBOT,聯邦,13276682 ,1807333 ,801545 ,25477 ,15205 ,4778794 ,3084992 ,5412896 ,0.30
2015/9,TCBB,匯豐,8489991 ,631412 ,445475 ,6529 ,6659 ,2935129 ,1738463 ,3816399 ,0.23
2015/9,ANZB,澳盛,8097449 ,613654 ,375593 ,5211 ,17873 ,3300159 ,1550549 ,3246741 ,0.40
2015/9,MKTB,新光,6771939 ,903886 ,459544 ,9170 ,7144 ,2205460 ,1138182 ,3428297 ,0.16
2015/9,OURB,大眾,6423618 ,597578 ,310048 ,9578 ,16682 ,915932 ,3779789 ,1727897 ,0.00
2015/9,FCBK,第一,6120022 ,885280 ,588048 ,14749 ,9725 ,1360271 ,930720 ,3829031 ,0.14
2015/9,HNBK,華南,5393302 ,784447 ,560764 ,15378 ,7087 ,703409 ,1231229 ,3458664 ,0.05
2015/9,ICBC,兆豐,4286720 ,599875 ,397415 ,7583 ,4925 ,1185908 ,695692 ,2405120 ,0.29
2015/9,SCBL,渣打,4237238 ,399000 ,245333 ,1681 ,5156 ,2173603 ,595747 ,1467888 ,0.46
2015/9,AE,美運,4138098 ,162198 ,88546 ,3093 ,3124 ,328604 ,0 ,3809494 ,0.20
2015/9,APBK,元大,3396394 ,401512 ,220622 ,12200 ,2673 ,446119 ,391194 ,2559081 ,0.17
2015/9,TACB,合庫,2789685 ,392621 ,238308 ,4313 ,3271 ,583226 ,175016 ,2031443 ,0.49
2015/9,CSMB,凱基,2751556 ,506681 ,205656 ,5187 ,3654 ,1224947 ,580678 ,945931 ,1.26
2015/9,ENTI,安泰,2038384 ,190759 ,70956 ,1242 ,495 ,443732 ,1132821 ,461831 ,0.57
2015/9,SCSB,上海,2023180 ,366563 ,189492 ,1084 ,2200 ,757375 ,192865 ,1072940 ,0.56
2015/9,CCBC,彰化,1533607 ,430516 ,211269 ,6064 ,2378 ,320802 ,95646 ,1117159 ,0.23
2015/9,MBBT,台企銀,1449840 ,333202 ,130222 ,966 ,1837 ,516795 ,96401 ,836644 ,0.25
2015/9,JSIB,日盛,1103056 ,190397 ,102877 ,535 ,748 ,501767 ,216578 ,384711 ,0.21
2015/9,BKTW,台銀,873858 ,227910 ,110302 ,751 ,1185 ,236037 ,11151 ,626670 ,0.35
2015/9,LBOT,土地,733844 ,170100 ,79950 ,13583 ,1060 ,203802 ,27327 ,502715 ,0.19
2015/9,TCBB,台中,712604 ,185207 ,72411 ,9035 ,879 ,234571 ,37388 ,440645 ,1.56
2015/9,SUNY,陽信,548444 ,70004 ,38756 ,975 ,434 ,263799 ,51799 ,232846 ,0.12
2015/9,AEON,永旺,511967 ,99106 ,41436 ,108 ,649 ,278454 ,69825 ,163688 ,1.21
2015/9,RT,樂天,275512 ,46127 ,35360 ,9431 ,152 ,17651 ,42066 ,215795 ,0.11
2015/9,BKAO,高雄,173791 ,9108 ,3956 ,71 ,94 ,6312 ,135 ,167344 ,0.24
2015/9,COBK,三信,157960 ,16755 ,11331 ,111 ,76 ,32665 ,13658 ,111637 ,0.13
2015/9,HTBK,華泰,80419 ,10279 ,6575 ,23 ,38 ,20595 ,3370 ,56454 ,0.35
2015/9,DBSS,星展,76572 ,12672 ,6154 ,299 ,226 ,17968 ,690 ,57914 ,0.91
2015/10,CTCB,中信,55862016 ,5869043 ,3826677 ,45828 ,30599 ,14200915 ,12977227 ,28683874 ,0.19
2015/10,UWCB,國泰,53747599 ,5071267 ,3564481 ,60545 ,85098 ,14095807 ,9990202 ,29661590 ,0.14
2015/10,CITI,花旗,48053115 ,2918634 ,2486708 ,18019 ,30029 ,16652315 ,9525016 ,21875784 ,0.50
2015/10,ESUN,玉山,42131451 ,3907811 ,2735477 ,46188 ,22691 ,10449235 ,8872350 ,22809866 ,0.22
2015/10,TSIB,台新,37239883 ,3583167 ,2431192 ,33148 ,25434 ,10499765 ,9614040 ,17126078 ,0.27
2015/10,TPBK,富邦,29313274 ,2275159 ,1617158 ,24034 ,24501 ,6853412 ,5415185 ,17044677 ,0.19
2015/10,SINO,永豐,16784261 ,2169164 ,1318705 ,20316 ,16273 ,5046950 ,4170746 ,7566565 ,0.39
2015/10,FEIN,遠東,16067221 ,1510258 ,1008838 ,16700 ,11109 ,5052040 ,5993697 ,5021484 ,0.30
2015/10,UBOT,聯邦,13401316 ,1815908 ,802354 ,24478 ,15903 ,4701965 ,3131502 ,5567849 ,0.31
2015/10,TCBB,匯豐,9449461 ,630201 ,442516 ,6238 ,7449 ,2935983 ,1808575 ,4704903 ,0.25
2015/10,ANZB,澳盛,8414145 ,613930 ,373324 ,5924 ,5643 ,3304050 ,1579674 ,3530421 ,0.46
2015/10,MKTB,新光,7106628 ,907443 ,460101 ,7970 ,4932 ,2176892 ,1276828 ,3652908 ,0.19
2015/10,OURB,大眾,6810362 ,600381 ,311162 ,9621 ,6778 ,901015 ,3863476 ,2045871 ,0.00
2015/10,FCBK,第一,6593791 ,891340 ,596722 ,13525 ,10498 ,1358995 ,1033705 ,4201091 ,0.13
2015/10,HNBK,華南,5906718 ,792123 ,568672 ,17250 ,7603 ,700342 ,1167892 ,4038484 ,0.09
2015/10,ICBC,兆豐,4641148 ,601979 ,399125 ,7917 ,5813 ,1178327 ,793618 ,2669203 ,0.19
2015/10,AE,美運,4442377 ,162333 ,88311 ,3297 ,3162 ,329006 ,0 ,4113371 ,0.12
2015/10,SCBL,渣打,4333846 ,395830 ,241750 ,1633 ,4919 ,2151473 ,602757 ,1579616 ,0.47
2015/10,APBK,元大,4000612 ,412631 ,229990 ,13025 ,2857 ,485053 ,428341 ,3087218 ,0.16
2015/10,TACB,合庫,3096596 ,395473 ,241903 ,6240 ,3491 ,577769 ,194521 ,2324306 ,0.28
2015/10,CSMB,凱基,2723754 ,507823 ,208201 ,4585 ,3639 ,1208158 ,477167 ,1038429 ,1.35
2015/10,SCSB,上海,2143382 ,365688 ,189384 ,1194 ,2069 ,757266 ,193963 ,1192153 ,0.55
2015/10,ENTI,安泰,2063421 ,189731 ,71222 ,1194 ,612 ,438434 ,1164435 ,460552 ,0.65
2015/10,CCBC,彰化,1592736 ,434771 ,213060 ,5717 ,2622 ,260094 ,105811 ,1226831 ,0.22
2015/10,MBBT,台企銀,1574599 ,332592 ,130271 ,1030 ,1640 ,505128 ,96171 ,973300 ,0.23
2015/10,JSIB,日盛,1126359 ,189900 ,103907 ,436 ,933 ,474753 ,214999 ,436607 ,0.19
2015/10,BKTW,台銀,955792 ,228340 ,111509 ,1434 ,1896 ,239488 ,11693 ,704611 ,0.24
2015/10,LBOT,土地,867591 ,174901 ,88750 ,7015 ,1240 ,209849 ,29912 ,627830 ,0.15
2015/10,TCBB,台中,750312 ,189490 ,76568 ,6066 ,1202 ,237829 ,39151 ,473332 ,1.68
2015/10,SUNY,陽信,559116 ,70353 ,38414 ,924 ,530 ,258568 ,50877 ,249671 ,0.14
2015/10,AEON,永旺,520448 ,93600 ,41730 ,114 ,5638 ,276408 ,69797 ,174243 ,1.20
2015/10,RT,樂天,335403 ,56432 ,43467 ,10382 ,161 ,26590 ,52063 ,256750 ,0.09
2015/10,BKAO,高雄,179853 ,9086 ,3976 ,37 ,61 ,6592 ,130 ,173131 ,0.23
2015/10,COBK,三信,164034 ,16779 ,11312 ,122 ,64 ,31831 ,13214 ,118989 ,0.20
2015/10,DBSS,星展,81906 ,12647 ,6236 ,103 ,128 ,19334 ,657 ,61915 ,0.85
2015/10,HTBK,華泰,80064 ,10267 ,6546 ,15 ,29 ,19047 ,2987 ,58030 ,0.70
2015/11,CTCB,中信,54101521 ,5858670 ,3835651 ,35896 ,38893 ,14111103 ,13214379 ,26776039 ,0.15
2015/11,UWCB,國泰,52889544 ,5111222 ,3593451 ,65724 ,25769 ,14348303 ,10770883 ,27770358 ,0.14
2015/11,CITI,花旗,45976243 ,2917433 ,2483873 ,17412 ,27935 ,16036473 ,10177713 ,19762057 ,0.52
2015/11,ESUN,玉山,39885818 ,3929278 ,2752901 ,42964 ,21497 ,10434588 ,8474918 ,20976312 ,0.23
2015/11,TSIB,台新,36449663 ,3579228 ,2449781 ,31850 ,35789 ,10437952 ,9873262 ,16138449 ,0.26
2015/11,TPBK,富邦,26775996 ,2270631 ,1622565 ,18247 ,22775 ,6892868 ,5544460 ,14338668 ,0.16
2015/11,SINO,永豐,15875145 ,2171672 ,1321489 ,17847 ,15339 ,5008208 ,3930906 ,6936031 ,0.40
2015/11,FEIN,遠東,15450532 ,1514014 ,1016025 ,14704 ,10968 ,5061002 ,5876588 ,4512942 ,0.33
2015/11,UBOT,聯邦,13668688 ,1819742 ,808048 ,19324 ,15490 ,4654201 ,3144920 ,5869567 ,0.32
2015/11,TCBB,匯豐,9067072 ,630221 ,440605 ,7205 ,7185 ,2892900 ,1891511 ,4282661 ,0.26
2015/11,ANZB,澳盛,8091159 ,608590 ,371573 ,6130 ,11505 ,3255843 ,1624159 ,3211157 ,0.49
2015/11,MKTB,新光,7887169 ,908712 ,463926 ,5392 ,4928 ,2179155 ,1336675 ,4371339 ,0.16
2015/11,OURB,大眾,6474273 ,603832 ,312262 ,9844 ,6366 ,893949 ,3775322 ,1805002 ,0.00
2015/11,FCBK,第一,6406647 ,895478 ,599990 ,10673 ,9314 ,1331348 ,1141850 ,3933449 ,0.13
2015/11,HNBK,華南,5588771 ,799374 ,576415 ,17101 ,8063 ,716746 ,1309001 ,3563024 ,0.13
2015/11,ICBC,兆豐,4657469 ,606285 ,399116 ,8029 ,3723 ,1169149 ,875576 ,2612744 ,0.20
2015/11,AE,美運,4421003 ,162992 ,88936 ,3590 ,2931 ,333719 ,0 ,4087284 ,0.09
2015/11,SCBL,渣打,4277308 ,392434 ,238853 ,1538 ,5316 ,2120455 ,633196 ,1523657 ,0.40
2015/11,APBK,元大,3635325 ,422117 ,238721 ,11595 ,2954 ,436117 ,398638 ,2800570 ,0.17
2015/11,TACB,合庫,2978425 ,404820 ,245358 ,12717 ,3523 ,591626 ,222127 ,2164672 ,0.43
2015/11,CSMB,凱基,2489630 ,510377 ,208381 ,6375 ,3669 ,1192640 ,376914 ,920076 ,1.47
2015/11,ENTI,安泰,2077750 ,189125 ,71513 ,1345 ,565 ,433647 ,1171822 ,472281 ,0.70
2015/11,SCSB,上海,1975340 ,365010 ,188676 ,1202 ,1880 ,742027 ,196176 ,1037137 ,0.66
2015/11,CCBC,彰化,1603875 ,439025 ,215182 ,5634 ,2520 ,327061 ,112005 ,1164809 ,0.30
2015/11,MBBT,台企銀,1398151 ,334795 ,130648 ,3774 ,1571 ,499183 ,94810 ,804158 ,0.05
2015/11,JSIB,日盛,1063539 ,189550 ,104403 ,422 ,772 ,471866 ,212481 ,379192 ,0.22
2015/11,BKTW,台銀,859815 ,228175 ,111757 ,1436 ,2205 ,236207 ,13340 ,610268 ,0.33
2015/11,LBOT,土地,833311 ,180696 ,95407 ,6246 ,1046 ,212341 ,33732 ,587238 ,0.14
2015/11,TCBB,台中,707101 ,192615 ,78280 ,4759 ,1063 ,245769 ,39307 ,422025 ,2.17
2015/11,SUNY,陽信,531638 ,70605 ,38515 ,803 ,554 ,257759 ,48847 ,225032 ,0.38
2015/11,AEON,永旺,523308 ,92916 ,41299 ,260 ,986 ,274754 ,67261 ,181293 ,1.20
2015/11,RT,樂天,381464 ,65450 ,51886 ,9118 ,171 ,33416 ,63926 ,284122 ,0.08
2015/11,BKAO,高雄,167115 ,9047 ,3941 ,36 ,75 ,6562 ,125 ,160428 ,0.36
2015/11,COBK,三信,148109 ,16739 ,11260 ,99 ,73 ,32031 ,13106 ,102972 ,0.06
2015/11,HTBK,華泰,78915 ,10263 ,6469 ,9 ,15 ,19125 ,2582 ,57208 ,0.79
2015/11,DBSS,星展,76985 ,12643 ,6284 ,94 ,98 ,19719 ,559 ,56707 ,0.66
2015/12,UWCB,國泰,60128017 ,5153580 ,3625066 ,72601 ,30243 ,14293354 ,10811705 ,35022958 ,0.13
2015/12,CTCB,中信,57501787 ,5858730 ,3837764 ,40360 ,40592 ,14272784 ,13482605 ,29746398 ,0.15
2015/12,CITI,花旗,47890637 ,2913583 ,2482087 ,17381 ,31414 ,16417118 ,10327758 ,21145761 ,0.66
2015/12,ESUN,玉山,39076609 ,3950889 ,2770051 ,44896 ,23285 ,10448398 ,8179854 ,20448357 ,0.23
2015/12,TSIB,台新,36870120 ,3550799 ,2464211 ,30325 ,58754 ,10440898 ,9809680 ,16619542 ,0.25
2015/12,TPBK,富邦,29156171 ,2251364 ,1628623 ,23178 ,42445 ,6736129 ,5542193 ,16877849 ,0.17
2015/12,SINO,永豐,16698670 ,2144920 ,1323940 ,16725 ,43477 ,5017438 ,3893483 ,7787749 ,0.31
2015/12,FEIN,遠東,15561446 ,1498301 ,1023468 ,13201 ,28931 ,4924783 ,5642372 ,4994291 ,0.29
2015/12,UBOT,聯邦,13582136 ,1825288 ,812939 ,21256 ,15710 ,4666617 ,3044511 ,5871008 ,0.31
2015/12,TCBB,匯豐,9274697 ,628249 ,438284 ,6360 ,8332 ,2892921 ,1859803 ,4521973 ,0.24
2015/12,ANZB,澳盛,8602484 ,590369 ,368107 ,6598 ,25092 ,3246653 ,1657900 ,3697931 ,0.48
2015/12,MKTB,新光,7924692 ,908037 ,464420 ,5291 ,6007 ,2144322 ,1400353 ,4380017 ,0.20
2015/12,OURB,大眾,6879549 ,606844 ,315178 ,9651 ,6604 ,885312 ,3869412 ,2124825 ,0.00
2015/12,FCBK,第一,6830955 ,900003 ,603248 ,11175 ,9629 ,1373754 ,1149403 ,4307798 ,0.16
2015/12,HNBK,華南,5869924 ,810633 ,584547 ,21445 ,9091 ,714957 ,1232550 ,3922417 ,0.04
2015/12,ICBC,兆豐,4597411 ,609550 ,401174 ,8324 ,5059 ,1164227 ,882764 ,2550420 ,0.20
2015/12,AE,美運,4424063 ,162490 ,88763 ,3143 ,3645 ,340792 ,0 ,4083271 ,0.11
2015/12,APBK,元大,4412304 ,431033 ,247819 ,10834 ,2836 ,434929 ,498917 ,3478458 ,0.15
2015/12,SCBL,渣打,4369801 ,387694 ,235945 ,1329 ,5497 ,2021732 ,699855 ,1648214 ,0.50
2015/12,TACB,合庫,3291452 ,415179 ,252334 ,13944 ,3715 ,585640 ,235482 ,2470330 ,0.31
2015/12,CSMB,凱基,2602649 ,506103 ,210520 ,20652 ,24705 ,1152541 ,313999 ,1136109 ,1.52
2015/12,ENTI,安泰,2146435 ,188328 ,72135 ,1481 ,530 ,426959 ,1232852 ,486624 ,0.20
2015/12,SCSB,上海,2129333 ,364088 ,188458 ,1051 ,1973 ,729698 ,209010 ,1190625 ,0.57
2015/12,CCBC,彰化,1708785 ,441163 ,219270 ,3617 ,2877 ,325581 ,116777 ,1266427 ,0.34
2015/12,MBBT,台企銀,1520506 ,336551 ,133620 ,3406 ,1650 ,486955 ,99216 ,934335 ,0.07
2015/12,JSIB,日盛,1120064 ,189146 ,101927 ,408 ,812 ,465999 ,215671 ,438394 ,0.18
2015/12,LBOT,土地,1019922 ,185966 ,104126 ,6477 ,1008 ,219743 ,38417 ,761762 ,0.28
2015/12,BKTW,台銀,954676 ,228441 ,112316 ,1319 ,1627 ,234346 ,13802 ,706528 ,0.30
2015/12,TCBB,台中,808865 ,195966 ,80442 ,4948 ,1232 ,238549 ,42786 ,527530 ,1.44
2015/12,SUNY,陽信,552503 ,70724 ,38212 ,694 ,575 ,254965 ,49772 ,247766 ,0.03
2015/12,AEON,永旺,507133 ,92233 ,40967 ,174 ,936 ,277453 ,64780 ,164900 ,1.30
2015/12,RT,樂天,476566 ,73379 ,59552 ,8042 ,209 ,41737 ,78171 ,356658 ,0.05
2015/12,COBK,三信,162675 ,16630 ,11220 ,86 ,74 ,31659 ,17360 ,113656 ,0.26
2015/12,BKAO,高雄,147975 ,9036 ,3934 ,32 ,46 ,6579 ,120 ,141276 ,0.33
2015/12,HTBK,華泰,83386 ,10249 ,6386 ,12 ,25 ,18866 ,2296 ,62224 ,0.45
2015/12,DBSS,星展,81546 ,12668 ,6263 ,90 ,65 ,20641 ,486 ,60419 ,0.28
2016/1,CTCB,中信,55237619 ,5862288 ,3842748 ,33950 ,39839 ,14329791 ,13413550 ,27494278 ,0.16
2016/1,UWCB,國泰,54495531 ,5189629 ,3635072 ,65142 ,29093 ,14210500 ,10759345 ,29525686 ,0.14
2016/1,CITI,花旗,46833424 ,2910033 ,2472925 ,16462 ,30347 ,16323674 ,10408596 ,20101154 ,0.55
2016/1,ESUN,玉山,42071968 ,3971339 ,2783239 ,40643 ,20193 ,10547618 ,8725142 ,22799208 ,0.24
2016/1,TSIB,台新,35730361 ,3569444 ,2467784 ,30104 ,11459 ,10400542 ,9707286 ,15622533 ,0.26
2016/1,TPBK,富邦,28151971 ,2244059 ,1624544 ,20048 ,27353 ,6722859 ,5556825 ,15872287 ,0.18
2016/1,SINO,永豐,16201935 ,2137893 ,1316012 ,19448 ,26475 ,5029129 ,3957256 ,7215550 ,0.33
2016/1,FEIN,遠東,15199451 ,1452400 ,1028632 ,11978 ,57903 ,4951117 ,5407625 ,4840709 ,0.33
2016/1,UBOT,聯邦,13636590 ,1828785 ,817937 ,19752 ,16255 ,4648229 ,3017066 ,5971295 ,0.27
2016/1,TCBB,匯豐,8918554 ,628302 ,435040 ,7835 ,7782 ,2863325 ,1816003 ,4239226 ,0.24
2016/1,ANZB,澳盛,8227892 ,585755 ,366031 ,6802 ,11512 ,3195037 ,1698035 ,3334820 ,0.46
2016/1,MKTB,新光,6785617 ,908227 ,461335 ,6078 ,5888 ,2129906 ,1411617 ,3244094 ,0.22
2016/1,OURB,大眾,6720600 ,609693 ,316536 ,9987 ,7091 ,891527 ,3894893 ,1934180 ,0.00
2016/1,FCBK,第一,6369613 ,902664 ,604041 ,8832 ,9243 ,1356810 ,1127509 ,3885294 ,0.17
2016/1,HNBK,華南,5714896 ,811668 ,586092 ,13580 ,11592 ,725145 ,1346077 ,3643674 ,0.13
2016/1,ICBC,兆豐,4531350 ,610697 ,400035 ,8074 ,6927 ,1166893 ,878219 ,2486238 ,0.22
2016/1,AE,美運,4291827 ,162348 ,88069 ,2796 ,2938 ,342354 ,0 ,3949473 ,0.10
2016/1,SCBL,渣打,4217216 ,383559 ,232396 ,1227 ,4839 ,2014565 ,695111 ,1507540 ,0.48
2016/1,APBK,元大,3986313 ,441120 ,253645 ,12023 ,3035 ,489427 ,399274 ,3097612 ,0.15
2016/1,TACB,合庫,3058026 ,417213 ,256181 ,5492 ,3558 ,600759 ,230064 ,2227203 ,0.45
2016/1,CSMB,凱基,2415729 ,505844 ,215194 ,3766 ,3969 ,1140705 ,308496 ,966528 ,1.71
2016/1,ENTI,安泰,2147128 ,186868 ,72264 ,1001 ,500 ,422849 ,1256775 ,467504 ,0.34
2016/1,SCSB,上海,2065571 ,362874 ,187041 ,1075 ,2289 ,745065 ,208723 ,1111783 ,0.71
2016/1,CCBC,彰化,1571400 ,441496 ,216481 ,2428 ,3307 ,265085 ,123066 ,1183249 ,0.23
2016/1,MBBT,台企銀,1433051 ,335672 ,133593 ,758 ,1637 ,481224 ,38037 ,913790 ,0.08
2016/1,JSIB,日盛,1086706 ,188426 ,101128 ,388 ,1108 ,464784 ,220881 ,401041 ,0.18
2016/1,LBOT,土地,973144 ,187881 ,106747 ,2808 ,938 ,224554 ,41511 ,707079 ,0.32
2016/1,BKTW,台銀,891841 ,227780 ,111723 ,439 ,1473 ,233482 ,13830 ,644529 ,0.36
2016/1,TCBB,台中,756631 ,196431 ,80911 ,2048 ,1046 ,249796 ,44241 ,462594 ,1.75
2016/1,SUNY,陽信,538235 ,71074 ,37965 ,1017 ,667 ,251127 ,52662 ,234446 ,0.25
2016/1,AEON,永旺,518661 ,91091 ,40668 ,147 ,1521 ,274633 ,63912 ,180116 ,1.20
2016/1,RT,樂天,484304 ,81375 ,65730 ,8122 ,580 ,49547 ,82494 ,352263 ,0.08
2016/1,COBK,三信,169884 ,16675 ,11122 ,179 ,84 ,32141 ,16895 ,120848 ,0.32
2016/1,BKAO,高雄,119083 ,9004 ,3862 ,29 ,60 ,6286 ,115 ,112682 ,0.60
2016/1,HTBK,華泰,77460 ,10254 ,6381 ,18 ,12 ,18590 ,2164 ,56706 ,0.48
2016/1,DBSS,星展,77314 ,12697 ,6210 ,85 ,56 ,20380 ,428 ,56506 ,0.00
2016/2,CTCB,中信,53231086 ,5858581 ,3838481 ,30840 ,28886 ,14217483 ,13257888 ,25755715 ,0.16
2016/2,UWCB,國泰,49320198 ,5217245 ,3647289 ,49002 ,21386 ,13922408 ,10733793 ,24663997 ,0.15
2016/2,CITI,花旗,44881492 ,2904852 ,2462961 ,11663 ,27185 ,15647395 ,10351932 ,18882165 ,0.67
2016/2,ESUN,玉山,40558956 ,3981435 ,2793191 ,28309 ,18213 ,10520439 ,8894833 ,21143684 ,0.23
2016/2,TSIB,台新,34834727 ,3572326 ,2469488 ,22235 ,19353 ,10300088 ,9808696 ,14725943 ,0.25
2016/2,TPBK,富邦,24942941 ,2232303 ,1618325 ,12594 ,24350 ,6601203 ,5569180 ,12772558 ,0.18
2016/2,SINO,永豐,15344940 ,2144364 ,1310499 ,22296 ,15825 ,5011596 ,3917363 ,6415981 ,0.32
2016/2,FEIN,遠東,14941296 ,1455856 ,1029753 ,9579 ,6171 ,5402613 ,5233126 ,4305557 ,0.33
2016/2,UBOT,聯邦,12875700 ,1827844 ,823889 ,14050 ,14991 ,4559671 ,2987429 ,5328600 ,0.26
2016/2,TCBB,匯豐,8152358 ,626559 ,433466 ,4868 ,6611 ,2834456 ,1693006 ,3624896 ,0.22
2016/2,ANZB,澳盛,7653631 ,585110 ,361930 ,4037 ,4662 ,3181369 ,1669478 ,2802784 ,0.47
2016/2,MKTB,新光,6780875 ,905964 ,459934 ,6302 ,8565 ,2159512 ,1394197 ,3227166 ,0.19
2016/2,OURB,大眾,6299123 ,611478 ,316670 ,7546 ,5756 ,873720 ,3794199 ,1631204 ,0.01
2016/2,FCBK,第一,6037540 ,905307 ,602173 ,7645 ,7565 ,1370567 ,1110706 ,3556267 ,0.17
2016/2,HNBK,華南,5360768 ,814633 ,587515 ,11374 ,7798 ,687280 ,1323223 ,3350265 ,0.18
2016/2,ICBC,兆豐,4257030 ,610480 ,398268 ,6581 ,6798 ,1175238 ,856897 ,2224895 ,0.19
2016/2,SCBL,渣打,3929510 ,379876 ,229180 ,938 ,3943 ,1997024 ,657645 ,1274841 ,0.39
2016/2,AE,美運,3646172 ,162645 ,87706 ,2728 ,2431 ,342677 ,0 ,3303495 ,0.15
2016/2,APBK,元大,3574630 ,447881 ,259008 ,8050 ,2297 ,446820 ,323784 ,2804026 ,0.14
2016/2,TACB,合庫,2800890 ,417677 ,256602 ,2904 ,2550 ,602285 ,223107 ,1975498 ,0.41
2016/2,CSMB,凱基,2386082 ,503962 ,219309 ,2087 ,3548 ,1147021 ,313000 ,926061 ,1.61
2016/2,ENTI,安泰,2068006 ,185967 ,71522 ,625 ,428 ,420359 ,1233897 ,413750 ,0.36
2016/2,SCSB,上海,1893519 ,361933 ,185561 ,882 ,1823 ,708496 ,196599 ,988424 ,0.50
2016/2,CCBC,彰化,1503070 ,441877 ,214683 ,1856 ,2519 ,268799 ,128164 ,1106107 ,0.15
2016/2,MBBT,台企銀,1334622 ,335236 ,132647 ,526 ,962 ,475322 ,38985 ,820315 ,0.09
2016/2,JSIB,日盛,1068127 ,187893 ,101028 ,340 ,873 ,453560 ,233538 ,381029 ,0.15
2016/2,LBOT,土地,886737 ,189020 ,106590 ,1844 ,884 ,224183 ,43003 ,619551 ,0.44
2016/2,BKTW,台銀,817350 ,227489 ,111180 ,280 ,888 ,228396 ,12924 ,576030 ,0.18
2016/2,TCBB,台中,702825 ,196428 ,80379 ,1470 ,843 ,223017 ,44387 ,435421 ,1.99
2016/2,RT,樂天,545171 ,86358 ,69482 ,5085 ,338 ,93371 ,82941 ,368859 ,0.09
2016/2,SUNY,陽信,524784 ,71326 ,38457 ,769 ,513 ,254739 ,57126 ,212919 ,0.42
2016/2,AEON,永旺,504731 ,90032 ,40175 ,46 ,1154 ,272829 ,62970 ,168932 ,1.07
2016/2,COBK,三信,144641 ,16721 ,11042 ,155 ,58 ,27740 ,13707 ,103194 ,0.30
2016/2,BKAO,高雄,100849 ,8989 ,3819 ,21 ,36 ,5861 ,110 ,94878 ,0.74
2016/2,HTBK,華泰,70983 ,10253 ,6367 ,12 ,13 ,20114 ,3166 ,47703 ,0.86
2016/2,DBSS,星展,69889 ,12710 ,6245 ,72 ,59 ,21439 ,381 ,48069 ,0.42
2016/3,UWCB,國泰,57398175 ,5258229 ,3662783 ,73001 ,32017 ,13659812 ,10194375 ,33543988 ,0.15
2016/3,CTCB,中信,55420250 ,5852026 ,3817587 ,52769 ,52335 ,14101092 ,12797996 ,28521162 ,0.16
2016/3,CITI,花旗,45070751 ,2905258 ,2463575 ,19161 ,30586 ,15448237 ,9758545 ,19863969 ,0.53
2016/3,ESUN,玉山,41505193 ,4042382 ,2807696 ,83532 ,22585 ,10425620 ,8646928 ,22432645 ,0.24
2016/3,TSIB,台新,35643561 ,3593999 ,2482508 ,31500 ,9827 ,10264349 ,9433385 ,15945827 ,0.26
2016/3,TPBK,富邦,29149620 ,2284185 ,1624877 ,77249 ,25367 ,6352863 ,5402900 ,17393857 ,0.19
2016/3,SINO,永豐,16633843 ,2127513 ,1317055 ,31169 ,48020 ,4958608 ,3772909 ,7902326 ,0.33
2016/3,FEIN,遠東,14716022 ,1459091 ,1034015 ,11405 ,8192 ,4809383 ,5291315 ,4615324 ,0.36
2016/3,UBOT,聯邦,13100816 ,1837034 ,824913 ,20355 ,11165 ,4546667 ,2743008 ,5811141 ,0.27
2016/3,TCBB,匯豐,8735477 ,626010 ,430450 ,8172 ,8721 ,2797222 ,1623317 ,4314938 ,0.22
2016/3,ANZB,澳盛,8152573 ,568953 ,359470 ,6657 ,23154 ,3146728 ,1601402 ,3404443 ,0.43
2016/3,MKTB,新光,7338616 ,908858 ,464305 ,13753 ,10859 ,2068598 ,1262811 ,4007207 ,0.24
2016/3,FCBK,第一,6501299 ,912953 ,602937 ,14170 ,9868 ,1336065 ,1030012 ,4135222 ,0.21
2016/3,OURB,大眾,6442428 ,597588 ,319355 ,10684 ,24486 ,865747 ,3596825 ,1979856 ,0.00
2016/3,HNBK,華南,5937242 ,825306 ,597668 ,21688 ,9915 ,704404 ,1346459 ,3886379 ,0.05
2016/3,ICBC,兆豐,4356132 ,616103 ,401058 ,13066 ,7443 ,1120074 ,785192 ,2450866 ,0.23
2016/3,APBK,元大,4355440 ,465202 ,268892 ,19225 ,3076 ,430004 ,346098 ,3579338 ,0.16
2016/3,AE,美運,4115573 ,163348 ,87659 ,4247 ,3544 ,332684 ,0 ,3782889 ,0.16
2016/3,SCBL,渣打,3984389 ,376426 ,227206 ,1464 ,5484 ,1956923 ,622281 ,1405185 ,0.41
2016/3,TACB,合庫,3241666 ,420731 ,256697 ,6366 ,3458 ,580308 ,205983 ,2455375 ,0.46
2016/3,CSMB,凱基,2441534 ,504968 ,218328 ,4363 ,4131 ,1121577 ,290589 ,1029368 ,1.76
2016/3,ENTI,安泰,2134779 ,185676 ,71517 ,1217 ,532 ,410723 ,1261912 ,462144 ,0.46
2016/3,SCSB,上海,2040333 ,360660 ,184308 ,1178 ,2451 ,703438 ,195793 ,1141102 ,0.70
2016/3,CCBC,彰化,1693788 ,442169 ,213014 ,5436 ,3583 ,324755 ,125731 ,1243302 ,0.27
2016/3,MBBT,台企銀,1384392 ,334641 ,132062 ,925 ,1520 ,462083 ,62144 ,860165 ,0.11
2016/3,JSIB,日盛,1113538 ,187261 ,101162 ,518 ,1150 ,456962 ,232932 ,423644 ,0.24
2016/3,LBOT,土地,989689 ,191841 ,107145 ,3582 ,1047 ,227834 ,42105 ,719750 ,0.29
2016/3,BKTW,台銀,895403 ,227183 ,110496 ,526 ,1294 ,227494 ,11794 ,656115 ,0.16
2016/3,TCBB,台中,802956 ,197694 ,79895 ,3042 ,1430 ,234784 ,43356 ,524816 ,0.98
2016/3,SUNY,陽信,560928 ,74345 ,38553 ,3803 ,787 ,244918 ,54904 ,261106 ,0.18
2016/3,RT,樂天,546791 ,100137 ,75969 ,13948 ,300 ,59815 ,92080 ,394896 ,0.13
2016/3,AEON,永旺,476306 ,89255 ,40086 ,112 ,966 ,275368 ,58473 ,142465 ,0.99
2016/3,COBK,三信,137371 ,16781 ,11027 ,260 ,92 ,30714 ,13317 ,93340 ,0.09
2016/3,BKAO,高雄,135047 ,9092 ,3879 ,139 ,37 ,6605 ,105 ,128337 ,0.63
2016/3,DBSS,星展,79232 ,12771 ,6158 ,128 ,67 ,20827 ,345 ,58060 ,0.79
2016/3,HTBK,華泰,77480 ,10253 ,6361 ,15 ,12 ,18251 ,2970 ,56259 ,0.57
2016/4,UWCB,國泰,52051844 ,5297833 ,3688428 ,64429 ,24825 ,13856305 ,9900271 ,28295268 ,0.14
2016/4,CTCB,中信,51689424 ,5884540 ,3819573 ,64539 ,33548 ,14132155 ,12443074 ,25114195 ,0.17
2016/4,CITI,花旗,44806684 ,2902949 ,2453939 ,15949 ,28598 ,15749353 ,9875592 ,19181739 ,0.50
2016/4,ESUN,玉山,40898318 ,4096578 ,2831306 ,75392 ,21196 ,10461593 ,8514260 ,21922465 ,0.24
2016/4,TSIB,台新,33909419 ,3595669 ,2481894 ,30750 ,29080 ,10137434 ,9326282 ,14445703 ,0.24
2016/4,TPBK,富邦,28128378 ,2299753 ,1632378 ,36420 ,20852 ,6364360 ,5327285 ,16436733 ,0.16
2016/4,SINO,永豐,15468950 ,2178492 ,1314617 ,90927 ,39948 ,4899885 ,3775996 ,6793069 ,0.34
2016/4,FEIN,遠東,14163084 ,1464607 ,1030931 ,11003 ,5500 ,4879453 ,5174847 ,4108784 ,0.36
2016/4,UBOT,聯邦,12873746 ,1833111 ,829646 ,19967 ,23890 ,4518915 ,2683904 ,5670927 ,0.26
2016/4,TCBB,匯豐,8183943 ,623952 ,430401 ,5610 ,7668 ,2760702 ,1586594 ,3836647 ,0.21
2016/4,ANZB,澳盛,7612794 ,567031 ,355905 ,5029 ,7098 ,3100167 ,1591211 ,2921416 ,0.46
2016/4,MKTB,新光,6451016 ,906799 ,465869 ,9760 ,13013 ,2065314 ,1256823 ,3128879 ,0.27
2016/4,OURB,大眾,6144362 ,600434 ,320471 ,9389 ,6524 ,865073 ,3548952 ,1730337 ,0.01
2016/4,FCBK,第一,5990986 ,920036 ,606484 ,13476 ,9292 ,1329391 ,1009601 ,3651994 ,0.18
2016/4,HNBK,華南,5409011 ,832162 ,602900 ,16423 ,8391 ,680531 ,1254886 ,3473594 ,0.13
2016/4,ICBC,兆豐,4271770 ,619452 ,402970 ,9216 ,5867 ,1139729 ,771847 ,2360194 ,0.20
2016/4,APBK,元大,4086729 ,480205 ,280579 ,16721 ,2728 ,432189 ,354522 ,3300018 ,0.15
2016/4,AE,美運,3943688 ,164835 ,87759 ,3685 ,2198 ,325664 ,0 ,3618024 ,0.10
2016/4,SCBL,渣打,3783045 ,373271 ,223898 ,1511 ,4178 ,1927725 ,594005 ,1261315 ,0.44
2016/4,TACB,合庫,3068704 ,422855 ,257639 ,5044 ,3025 ,588964 ,200402 ,2279338 ,0.24
2016/4,CSMB,凱基,2303028 ,515372 ,217794 ,14061 ,15247 ,1112257 ,286004 ,904767 ,1.69
2016/4,ENTI,安泰,2059706 ,184888 ,71167 ,936 ,439 ,403776 ,1239645 ,416285 ,0.57
2016/4,SCSB,上海,1876999 ,359676 ,182348 ,1031 ,2015 ,708073 ,190762 ,978164 ,0.56
2016/4,CCBC,彰化,1530409 ,440418 ,211994 ,3960 ,2929 ,269184 ,126890 ,1134335 ,0.15
2016/4,MBBT,台企銀,1360194 ,334262 ,131016 ,773 ,1152 ,463127 ,70657 ,826410 ,0.12
2016/4,JSIB,日盛,1041261 ,186641 ,100318 ,420 ,1040 ,453080 ,224114 ,364067 ,0.18
2016/4,LBOT,土地,927344 ,196893 ,107465 ,6208 ,972 ,232723 ,41287 ,653334 ,0.26
2016/4,BKTW,台銀,800668 ,227318 ,109946 ,685 ,924 ,221020 ,10915 ,568733 ,0.18
2016/4,TCBB,台中,733190 ,197451 ,79398 ,2039 ,1226 ,241963 ,44383 ,446844 ,1.37
2016/4,RT,樂天,579612 ,112145 ,82916 ,12173 ,341 ,66362 ,98120 ,415130 ,0.25
2016/4,SUNY,陽信,517747 ,78782 ,39619 ,5293 ,855 ,242786 ,50502 ,224459 ,0.34
2016/4,AEON,永旺,493060 ,88765 ,39377 ,100 ,769 ,270079 ,56495 ,166486 ,0.88
2016/4,COBK,三信,168469 ,16872 ,11045 ,265 ,80 ,30168 ,13506 ,124795 ,0.18
2016/4,BKAO,高雄,140947 ,9257 ,3984 ,200 ,39 ,6654 ,100 ,134193 ,0.49
2016/4,DBSS,星展,78656 ,12792 ,6164 ,91 ,70 ,21667 ,310 ,56679 ,1.53
2016/4,HTBK,華泰,71795 ,10247 ,6329 ,17 ,15 ,18465 ,2582 ,50748 ,0.37
2016/5,UWCB,國泰,59731097 ,5330485 ,3718798 ,59114 ,26462 ,13828682 ,9676100 ,36226315 ,0.12
2016/5,CTCB,中信,54140461 ,5895792 ,3830003 ,60837 ,42374 ,14087127 ,12219015 ,27834319 ,0.16
2016/5,CITI,花旗,45308517 ,2901368 ,2455744 ,16958 ,29263 ,15348515 ,9826731 ,20133271 ,0.48
2016/5,ESUN,玉山,44850763 ,4138311 ,2854201 ,65762 ,24029 ,10556924 ,9011057 ,25282782 ,0.25
2016/5,TSIB,台新,35821959 ,3607035 ,2495292 ,36644 ,25278 ,10134742 ,9609996 ,16077221 ,0.24
2016/5,TPBK,富邦,28612153 ,2307385 ,1652437 ,38553 ,30921 ,6287126 ,5865971 ,16459056 ,0.16
2016/5,SINO,永豐,16011576 ,2223308 ,1319666 ,69133 ,24317 ,4884835 ,3691854 ,7434887 ,0.35
2016/5,FEIN,遠東,14548310 ,1469664 ,1031779 ,11323 ,6272 ,4768253 ,5149855 ,4630202 ,0.37
2016/5,UBOT,聯邦,13421610 ,1836494 ,832964 ,20672 ,17289 ,4548359 ,2625093 ,6248158 ,0.29
2016/5,TCBB,匯豐,8383450 ,620908 ,428251 ,4521 ,7565 ,2730911 ,1583852 ,4068687 ,0.25
2016/5,ANZB,澳盛,7781186 ,566129 ,353846 ,4520 ,5527 ,3074151 ,1557127 ,3149908 ,0.46
2016/5,MKTB,新光,7734752 ,909156 ,470763 ,11526 ,9169 ,2037509 ,1253288 ,4443955 ,0.24
2016/5,FCBK,第一,6428104 ,925858 ,610671 ,12577 ,9972 ,1355442 ,999003 ,4073659 ,0.18
2016/5,OURB,大眾,6265266 ,604766 ,321959 ,10716 ,6350 ,877385 ,3456483 ,1931398 ,0.01
2016/5,HNBK,華南,5899099 ,838898 ,610159 ,16419 ,8877 ,719157 ,1402385 ,3777557 ,0.21
2016/5,ICBC,兆豐,4450271 ,609493 ,404255 ,8878 ,18837 ,1134483 ,771792 ,2543996 ,0.20
2016/5,APBK,元大,4427948 ,497877 ,294815 ,19509 ,3121 ,432513 ,374395 ,3621040 ,0.15
2016/5,AE,美運,4170732 ,165989 ,112891 ,4349 ,3195 ,325396 ,0 ,3845336 ,0.13
2016/5,SCBL,渣打,3896758 ,367548 ,220091 ,2183 ,4311 ,1914116 ,597113 ,1385529 ,0.43
2016/5,TACB,合庫,3259952 ,426307 ,257753 ,6489 ,3187 ,586271 ,202905 ,2470776 ,0.35
2016/5,CSMB,凱基,2456393 ,508473 ,220172 ,8366 ,3821 ,1097034 ,285716 ,1073643 ,1.65
2016/5,ENTI,安泰,2112546 ,184130 ,71303 ,892 ,499 ,398255 ,1251721 ,462570 ,0.63
2016/5,SCSB,上海,1977990 ,358654 ,181353 ,1159 ,2181 ,730472 ,191918 ,1055600 ,0.76
2016/5,CCBC,彰化,1718136 ,438538 ,210691 ,4538 ,3096 ,339453 ,127096 ,1251587 ,0.32
2016/5,MBBT,台企銀,1395109 ,333787 ,130310 ,718 ,1193 ,456628 ,76064 ,862417 ,0.11
2016/5,JSIB,日盛,1065506 ,185978 ,99930 ,451 ,1114 ,445851 ,215285 ,404370 ,0.18
2016/5,LBOT,土地,1056983 ,202536 ,109703 ,6027 ,962 ,237374 ,39495 ,780114 ,0.34
2016/5,BKTW,台銀,898118 ,227434 ,109092 ,754 ,1002 ,223831 ,10110 ,664177 ,0.11
2016/5,TCBB,台中,793820 ,197975 ,79110 ,2466 ,1415 ,250375 ,43038 ,500407 ,1.64
2016/5,RT,樂天,660383 ,127216 ,93728 ,15202 ,336 ,76080 ,108509 ,475794 ,0.23
2016/5,SUNY,陽信,570178 ,82937 ,42093 ,5069 ,914 ,240568 ,53329 ,276281 ,0.52
2016/5,AEON,永旺,479402 ,88249 ,38655 ,156 ,711 ,272072 ,54930 ,152400 ,0.76
2016/5,COBK,三信,158053 ,16925 ,11105 ,168 ,66 ,30475 ,13724 ,113854 ,0.23
2016/5,BKAO,高雄,145382 ,9475 ,4204 ,253 ,35 ,7017 ,95 ,138270 ,0.49
2016/5,DBSS,星展,86254 ,12823 ,6090 ,86 ,55 ,20535 ,274 ,65445 ,1.12
2016/5,HTBK,華泰,80831 ,10240 ,6344 ,11 ,10 ,18462 ,2313 ,60056 ,1.30
2016/6,CTCB,中信,71830553 ,5903543 ,3836418 ,57351 ,49832 ,14201429 ,16783761 ,40845363 ,0.13
2016/6,UWCB,國泰,65809273 ,5356145 ,3725810 ,50306 ,24646 ,14273447 ,12540101 ,38995725 ,0.11
2016/6,ESUN,玉山,56116964 ,4171812 ,2885056 ,55502 ,22001 ,10690789 ,10650160 ,34776015 ,0.23
2016/6,TSIB,台新,51580424 ,3605168 ,2504880 ,38896 ,40763 ,10127502 ,14018513 ,27434409 ,0.20
2016/6,CITI,花旗,47476738 ,2899350 ,2455177 ,15308 ,28026 ,15914950 ,9840238 ,21721550 ,0.57
2016/6,TPBK,富邦,33299512 ,2322577 ,1668400 ,44480 ,29288 ,6312835 ,7187287 ,19799390 ,0.15
2016/6,SINO,永豐,19935620 ,2294252 ,1323266 ,93488 ,22544 ,4872994 ,4457668 ,10604958 ,0.31
2016/6,FEIN,遠東,17652779 ,1473641 ,1027424 ,10853 ,6884 ,4769075 ,6155162 ,6728542 ,0.34
2016/6,UBOT,聯邦,14674239 ,1829090 ,837450 ,18238 ,25642 ,4601175 ,3134015 ,6939049 ,0.28
2016/6,TCBB,匯豐,9288852 ,618402 ,425685 ,5379 ,7885 ,2714361 ,1725030 ,4849461 ,0.22
2016/6,MKTB,新光,9196007 ,910579 ,472834 ,9651 ,8228 ,2051021 ,1657874 ,5487112 ,0.21
2016/6,HNBK,華南,8851585 ,846818 ,615731 ,16722 ,7874 ,698593 ,2277574 ,5875418 ,0.05
2016/6,ANZB,澳盛,8255228 ,558441 ,347929 ,4413 ,12166 ,3050071 ,1588616 ,3616541 ,0.43
2016/6,FCBK,第一,7244144 ,930182 ,615496 ,10397 ,9111 ,1380980 ,1174643 ,4688521 ,0.16
2016/6,OURB,大眾,7032282 ,607861 ,323432 ,9407 ,6259 ,908150 ,3759848 ,2364284 ,0.01
2016/6,APBK,元大,5462930 ,512963 ,310128 ,16592 ,2722 ,439898 ,457227 ,4565805 ,0.13
2016/6,ICBC,兆豐,5438927 ,612737 ,405475 ,8411 ,5167 ,1150094 ,886016 ,3402817 ,0.17
2016/6,TACB,合庫,5226500 ,428289 ,258879 ,5042 ,3158 ,594854 ,369459 ,4262187 ,0.18
2016/6,SCBL,渣打,4216317 ,366307 ,219123 ,3845 ,4686 ,1907891 ,704497 ,1603929 ,0.44
2016/6,AE,美運,3960917 ,165877 ,113203 ,3770 ,3882 ,330990 ,0 ,3629927 ,0.15
2016/6,CCBC,彰化,3253595 ,437252 ,209997 ,4340 ,2845 ,348319 ,216141 ,2689135 ,0.21
2016/6,CSMB,凱基,3173811 ,512048 ,199109 ,7194 ,3572 ,1097762 ,545327 ,1530722 ,1.38
2016/6,SCSB,上海,2198213 ,357856 ,180016 ,955 ,1753 ,714894 ,191405 ,1291914 ,0.60
2016/6,ENTI,安泰,2097743 ,183233 ,71140 ,907 ,371 ,392052 ,1264344 ,441347 ,0.24
2016/6,MBBT,台企銀,1679983 ,333504 ,128662 ,900 ,1183 ,455552 ,99389 ,1125042 ,0.07
2016/6,LBOT,土地,1195313 ,213143 ,111704 ,11189 ,1026 ,244235 ,56624 ,894454 ,0.29
2016/6,JSIB,日盛,1171176 ,184955 ,100264 ,394 ,1417 ,449708 ,240441 ,481027 ,0.21
2016/6,BKTW,台銀,970409 ,227791 ,108865 ,916 ,919 ,224156 ,9616 ,736637 ,0.11
2016/6,TCBB,台中,909846 ,198388 ,79064 ,2581 ,1442 ,252776 ,43144 ,613926 ,1.81
2016/6,RT,樂天,819578 ,138145 ,96991 ,11067 ,345 ,85912 ,129123 ,604543 ,0.17
2016/6,SUNY,陽信,620315 ,84396 ,45411 ,2331 ,872 ,241886 ,65579 ,312850 ,0.00
2016/6,AEON,永旺,476609 ,87804 ,37642 ,115 ,653 ,271713 ,53286 ,151610 ,0.76
2016/6,COBK,三信,163877 ,17054 ,11170 ,232 ,67 ,30575 ,14240 ,119062 ,0.22
2016/6,BKAO,高雄,162602 ,9677 ,4396 ,238 ,36 ,7112 ,90 ,155400 ,0.16
2016/6,HTBK,華泰,87618 ,10235 ,6344 ,24 ,20 ,18933 ,1953 ,66732 ,1.84
2016/6,DBSS,星展,84801 ,12865 ,6050 ,102 ,60 ,21291 ,240 ,63270 ,1.17
2016/7,CTCB,中信,54973399 ,5915155 ,3838292 ,41319 ,31143 ,14441487 ,15799128 ,24732784 ,0.15
2016/7,UWCB,國泰,52321430 ,5471673 ,3735720 ,141186 ,25658 ,14377112 ,11780284 ,26164034 ,0.13
2016/7,ESUN,玉山,46771493 ,4185866 ,2907198 ,40121 ,26067 ,11010842 ,12073468 ,23687183 ,0.24
2016/7,CITI,花旗,45138164 ,2898698 ,2453663 ,15023 ,26322 ,15772554 ,9790141 ,19575469 ,0.47
2016/7,TSIB,台新,39237089 ,3610218 ,2516954 ,31512 ,26462 ,10178718 ,13354719 ,15703652 ,0.23
2016/7,TPBK,富邦,29704062 ,2303207 ,1680246 ,27509 ,46879 ,6345577 ,7381457 ,15977028 ,0.16
2016/7,SINO,永豐,16199322 ,2325326 ,1333119 ,53893 ,22819 ,4908014 ,4315816 ,6975492 ,0.34
2016/7,FEIN,遠東,15028970 ,1477146 ,1023736 ,10109 ,6607 ,4858686 ,5963085 ,4207199 ,0.36
2016/7,UBOT,聯邦,13446020 ,1818151 ,841155 ,17772 ,28711 ,4606572 ,2934621 ,5904827 ,0.31
2016/7,TCBB,匯豐,8245042 ,613290 ,422864 ,5435 ,10547 ,2728689 ,1651312 ,3865041 ,0.27
2016/7,ANZB,澳盛,7581744 ,559107 ,344457 ,4600 ,3923 ,3066488 ,1582284 ,2932972 ,0.38
2016/7,MKTB,新光,6767537 ,909283 ,475761 ,7474 ,8770 ,2055573 ,1521557 ,3190407 ,0.26
2016/7,OURB,大眾,6456119 ,610040 ,323940 ,8419 ,6177 ,924135 ,3714245 ,1817739 ,0.02
2016/7,FCBK,第一,6385197 ,933652 ,617942 ,9276 ,8693 ,1397575 ,1098613 ,3889009 ,0.18
2016/7,HNBK,華南,6294024 ,851865 ,618880 ,14191 ,8331 ,726607 ,2099547 ,3467870 ,0.11
2016/7,APBK,元大,4489893 ,523401 ,319536 ,12155 ,2942 ,458747 ,483046 ,3548100 ,0.14
2016/7,ICBC,兆豐,4333846 ,614076 ,407113 ,6880 ,5541 ,1154185 ,823476 ,2356185 ,0.19
2016/7,AE,美運,4178474 ,166231 ,112856 ,3798 ,3444 ,340145 ,0 ,3838329 ,0.14
2016/7,SCBL,渣打,3846692 ,363716 ,218293 ,1938 ,4371 ,1906666 ,665024 ,1275002 ,0.43
2016/7,TACB,合庫,3383345 ,430729 ,260044 ,5437 ,3117 ,615898 ,417836 ,2349611 ,0.21
2016/7,CSMB,凱基,2473116 ,509432 ,198068 ,3875 ,6499 ,1108966 ,425240 ,938910 ,1.37
2016/7,ENTI,安泰,2064638 ,182258 ,70389 ,764 ,476 ,392410 ,1252896 ,419332 ,0.31
2016/7,SCSB,上海,1923170 ,357121 ,178822 ,1039 ,1774 ,717488 ,188098 ,1017584 ,0.79
2016/7,CCBC,彰化,1626961 ,436111 ,209581 ,3603 ,2840 ,283989 ,194427 ,1148545 ,0.39
2016/7,MBBT,台企銀,1382680 ,333230 ,127412 ,649 ,1213 ,458945 ,92329 ,831406 ,0.06
2016/7,LBOT,土地,1076761 ,221246 ,115874 ,9589 ,866 ,259215 ,54510 ,763036 ,0.42
2016/7,JSIB,日盛,1049117 ,183939 ,100294 ,388 ,1404 ,448787 ,223382 ,376948 ,0.30
2016/7,RT,樂天,838146 ,147986 ,110947 ,10056 ,689 ,101525 ,146742 ,589879 ,0.15
2016/7,BKTW,台銀,827146 ,228231 ,108199 ,956 ,828 ,228558 ,9059 ,589529 ,0.26
2016/7,TCBB,台中,760514 ,198485 ,78691 ,1727 ,1189 ,258578 ,42200 ,459736 ,1.48
2016/7,SUNY,陽信,554260 ,85428 ,47909 ,1875 ,844 ,240869 ,60442 ,252949 ,0.32
2016/7,AEON,永旺,469242 ,87511 ,37174 ,192 ,525 ,268993 ,50742 ,149507 ,0.73
2016/7,BKAO,高雄,172040 ,9797 ,4474 ,171 ,52 ,7445 ,125 ,164470 ,0.17
2016/7,COBK,三信,158293 ,17092 ,11169 ,139 ,63 ,31124 ,13059 ,114110 ,0.15
2016/7,DBSS,星展,76645 ,12856 ,6000 ,47 ,56 ,22600 ,205 ,53840 ,1.95
2016/7,HTBK,華泰,69767 ,10210 ,6316 ,10 ,29 ,17858 ,1835 ,50074 ,1.92
2016/8,UWCB,國泰,61949111 ,5682321 ,3877832 ,245426 ,34778 ,14364062 ,11234646 ,36350403 ,0.12
2016/8,CTCB,中信,58943555 ,5909323 ,3837933 ,45644 ,44674 ,14440259 ,15263027 ,29240269 ,0.15
2016/8,ESUN,玉山,49034501 ,4205723 ,2925684 ,44584 ,24727 ,11088748 ,11434919 ,26510834 ,0.24
2016/8,CITI,花旗,45339904 ,2895006 ,2457443 ,16852 ,31774 ,15813441 ,9599381 ,19927082 ,0.47
2016/8,TSIB,台新,41938557 ,3617163 ,2538375 ,35657 ,28712 ,10161097 ,13150022 ,18627438 ,0.22
2016/8,TPBK,富邦,32623866 ,2302488 ,1701094 ,29236 ,29955 ,6263732 ,7806120 ,18554014 ,0.15
2016/8,SINO,永豐,16314255 ,1953697 ,1353340 ,17251 ,388880 ,4896801 ,4124830 ,7292624 ,0.33
2016/8,FEIN,遠東,15206079 ,1480131 ,1021853 ,11188 ,8227 ,4710693 ,5775250 ,4720136 ,0.39
2016/8,UBOT,聯邦,14554878 ,1980175 ,933751 ,187202 ,25178 ,4659314 ,2798607 ,7096957 ,0.29
2016/8,TCBB,匯豐,8548988 ,608037 ,419621 ,5959 ,11212 ,2688423 ,1590780 ,4269785 ,0.24
2016/8,MKTB,新光,7899487 ,909100 ,481519 ,9239 ,9422 ,2034497 ,1409603 ,4455387 ,0.24
2016/8,ANZB,澳盛,7805244 ,559705 ,343121 ,4805 ,4559 ,3031065 ,1568724 ,3205455 ,0.36
2016/8,FCBK,第一,6783246 ,940887 ,625038 ,13824 ,9783 ,1415354 ,1055179 ,4312713 ,0.15
2016/8,HNBK,華南,6735728 ,856590 ,624183 ,13997 ,8712 ,761449 ,1993522 ,3980757 ,0.16
2016/8,OURB,大眾,6669534 ,595654 ,324591 ,7914 ,22208 ,936963 ,3674487 ,2058084 ,0.01
2016/8,APBK,元大,5008850 ,537567 ,331624 ,15757 ,3045 ,452237 ,469389 ,4087224 ,0.13
2016/8,ICBC,兆豐,4470404 ,616231 ,410382 ,8679 ,6524 ,1141199 ,764487 ,2564718 ,0.16
2016/8,SCBL,渣打,3968473 ,359926 ,218005 ,1373 ,4883 ,1888187 ,622172 ,1458114 ,0.42
2016/8,AE,美運,3904440 ,167394 ,113374 ,3943 ,2780 ,334679 ,0 ,3569761 ,0.17
2016/8,TACB,合庫,3407331 ,433195 ,262343 ,5894 ,3519 ,617560 ,206205 ,2583566 ,0.35
2016/8,CSMB,凱基,2453142 ,509297 ,198061 ,8020 ,8166 ,1097085 ,305387 ,1050670 ,1.24
2016/8,ENTI,安泰,2135276 ,181593 ,70257 ,850 ,474 ,383637 ,1277375 ,474264 ,0.40
2016/8,SCSB,上海,1973585 ,356111 ,178229 ,1356 ,2366 ,715462 ,189513 ,1068610 ,0.67
2016/8,CCBC,彰化,1888887 ,435450 ,210553 ,3724 ,3143 ,353197 ,173298 ,1362392 ,0.30
2016/8,MBBT,台企銀,1431071 ,332096 ,127167 ,923 ,1767 ,451382 ,85284 ,894405 ,0.12
2016/8,LBOT,土地,1233438 ,224140 ,121966 ,3457 ,929 ,260207 ,52213 ,921018 ,0.43
2016/8,JSIB,日盛,1107128 ,180962 ,100333 ,425 ,3402 ,443207 ,217581 ,446340 ,0.27
2016/8,BKTW,台銀,920699 ,228765 ,108423 ,1131 ,984 ,226068 ,8705 ,685926 ,0.30
2016/8,RT,樂天,909950 ,160533 ,121511 ,12745 ,486 ,107268 ,160523 ,642159 ,0.13
2016/8,TCBB,台中,831671 ,198913 ,78621 ,2271 ,1253 ,256428 ,41112 ,534131 ,1.74
2016/8,SUNY,陽信,608143 ,86675 ,49260 ,2045 ,797 ,242374 ,61737 ,304032 ,0.57
2016/8,AEON,永旺,459906 ,87121 ,36968 ,138 ,591 ,265661 ,48171 ,146074 ,0.73
2016/8,BKAO,高雄,164607 ,9916 ,4614 ,209 ,90 ,7438 ,118 ,157051 ,0.27
2016/8,COBK,三信,156371 ,17129 ,11223 ,166 ,76 ,31695 ,13592 ,111084 ,0.44
2016/8,DBSS,星展,79670 ,12838 ,5957 ,45 ,63 ,22192 ,171 ,57307 ,1.29
2016/8,HTBK,華泰,79325 ,10197 ,6309 ,12 ,14 ,19734 ,2654 ,56937 ,1.71
2016/9,CTCB,中信,54401518 ,5928093 ,3838080 ,56544 ,37699 ,14633924 ,14504022 ,25263572 ,0.16
2016/9,UWCB,國泰,53556450 ,5819486 ,3987545 ,167547 ,30382 ,14403009 ,10716675 ,28436766 ,0.13
2016/9,ESUN,玉山,46032309 ,4220605 ,2936664 ,38711 ,23829 ,11232451 ,10438148 ,24361710 ,0.24
2016/9,CITI,花旗,44377901 ,2897079 ,2451755 ,20560 ,28657 ,15625833 ,9428296 ,19323772 ,0.49
2016/9,TSIB,台新,39329975 ,3624881 ,2542358 ,29640 ,21922 ,10181705 ,12781989 ,16366281 ,0.23
2016/9,TPBK,富邦,30046534 ,2381409 ,1699013 ,105020 ,26099 ,6311070 ,8321286 ,15414178 ,0.16
2016/9,SINO,永豐,15026014 ,1952814 ,1340289 ,14308 ,15191 ,4909879 ,3932349 ,6183786 ,0.33
2016/9,FEIN,遠東,14726660 ,1512147 ,1016613 ,39453 ,7455 ,4746159 ,5808441 ,4172060 ,0.40
2016/9,UBOT,聯邦,13913617 ,1995367 ,1014822 ,43706 ,28514 ,4724627 ,2711166 ,6477824 ,0.29
2016/9,TCBB,匯豐,8030217 ,603903 ,416222 ,5832 ,9966 ,2680380 ,1542599 ,3807238 ,0.26
2016/9,ANZB,澳盛,7407641 ,551116 ,337897 ,3845 ,12350 ,3022184 ,1563877 ,2821580 ,0.38
2016/9,MKTB,新光,6974620 ,906911 ,480883 ,7411 ,9600 ,2067667 ,1268711 ,3638242 ,0.24
2016/9,OURB,大眾,6315825 ,597887 ,324881 ,7595 ,5335 ,932445 ,3609817 ,1773563 ,0.02
2016/9,FCBK,第一,6201800 ,944592 ,632028 ,9874 ,8862 ,1422132 ,1010711 ,3768957 ,0.17
2016/9,HNBK,華南,5941605 ,860317 ,624604 ,11612 ,7488 ,746874 ,1722842 ,3471889 ,0.07
2016/9,APBK,元大,4967249 ,547435 ,342086 ,11305 ,2894 ,531881 ,481069 ,3954299 ,0.13
2016/9,AE,美運,4403848 ,168562 ,112880 ,3632 ,2464 ,339365 ,0 ,4064483 ,0.25
2016/9,ICBC,兆豐,4240362 ,605157 ,410685 ,6858 ,17932 ,1156534 ,751060 ,2332768 ,0.18
2016/9,SCBL,渣打,3810910 ,356338 ,215141 ,998 ,3719 ,1889387 ,579747 ,1341776 ,0.40
2016/9,TACB,合庫,3135684 ,434661 ,264265 ,4428 ,3048 ,632591 ,204449 ,2298644 ,0.30
2016/9,CSMB,凱基,2460255 ,507286 ,198035 ,7647 ,9681 ,1109222 ,338650 ,1012383 ,1.17
2016/9,ENTI,安泰,2110343 ,181749 ,70301 ,756 ,343 ,382727 ,1277871 ,449745 ,0.55
2016/9,SCSB,上海,1966220 ,355758 ,177470 ,1428 ,1781 ,736921 ,183239 ,1046060 ,0.87
2016/9,CCBC,彰化,1735260 ,433112 ,210300 ,2596 ,3545 ,368688 ,163663 ,1202909 ,0.35
2016/9,MBBT,台企銀,1361536 ,331621 ,126622 ,646 ,1121 ,459121 ,81551 ,820864 ,0.13
2016/9,LBOT,土地,1125569 ,226874 ,123797 ,3130 ,750 ,273104 ,49967 ,802498 ,0.35
2016/9,JSIB,日盛,1040484 ,178704 ,100513 ,368 ,2626 ,449772 ,215409 ,375303 ,0.28
2016/9,RT,樂天,947965 ,170451 ,129353 ,10113 ,411 ,117355 ,173012 ,657598 ,0.16
2016/9,BKTW,台銀,827997 ,229685 ,108569 ,1403 ,773 ,227510 ,8564 ,591923 ,0.36
2016/9,TCBB,台中,787114 ,198983 ,78440 ,1794 ,1090 ,269003 ,43756 ,474355 ,2.03
2016/9,SUNY,陽信,570263 ,87424 ,50234 ,1395 ,647 ,243844 ,61201 ,265218 ,0.01
2016/9,AEON,永旺,464120 ,86657 ,36274 ,79 ,562 ,267076 ,46918 ,150126 ,0.80
2016/9,BKAO,高雄,169384 ,9995 ,4621 ,119 ,40 ,7595 ,112 ,161677 ,0.22
2016/9,COBK,三信,160869 ,17140 ,11172 ,108 ,58 ,31725 ,13959 ,115185 ,0.51
2016/9,DBSS,星展,74037 ,12823 ,5910 ,41 ,56 ,21865 ,141 ,52031 ,2.45
2016/9,HTBK,華泰,73202 ,10182 ,6286 ,7 ,12 ,19948 ,2825 ,50429 ,0.36
2016/10,UWCB,國泰,57375403 ,5895716 ,4076257 ,113671 ,37441 ,14785463 ,10672774 ,31917166 ,0.14
2016/10,CTCB,中信,54619813 ,5944803 ,3832198 ,55229 ,39027 ,14778208 ,13682750 ,26158855 ,0.16
2016/10,ESUN,玉山,46131917 ,4240623 ,2955269 ,44049 ,24031 ,11401103 ,9756461 ,24974353 ,0.25
2016/10,CITI,花旗,45913612 ,2894719 ,2452066 ,16731 ,29514 ,16247443 ,9875595 ,19790574 ,0.66
2016/10,TSIB,台新,40979586 ,3653400 ,2558405 ,42047 ,13528 ,10192730 ,12652889 ,18133967 ,0.23
2016/10,TPBK,富邦,31407602 ,2378819 ,1719001 ,25367 ,27957 ,6245009 ,8767266 ,16395327 ,0.15
2016/10,SINO,永豐,15509478 ,1950428 ,1330711 ,14115 ,16501 ,4907295 ,3824726 ,6777457 ,0.33
2016/10,FEIN,遠東,14976765 ,1785507 ,1029836 ,294792 ,21379 ,4714433 ,5856978 ,4405354 ,0.41
2016/10,UBOT,聯邦,14509670 ,2009285 ,1041579 ,38169 ,24251 ,4774714 ,2655760 ,7079196 ,0.28
2016/10,TCBB,匯豐,8484366 ,599462 ,411187 ,5366 ,9807 ,2668181 ,1569961 ,4246224 ,0.26
2016/10,ANZB,澳盛,7563744 ,551596 ,335926 ,4701 ,4258 ,3021523 ,1566481 ,2975740 ,0.41
2016/10,MKTB,新光,7280216 ,905309 ,482986 ,8485 ,10087 ,2045949 ,1348059 ,3886208 ,0.24
2016/10,FCBK,第一,6712079 ,946707 ,633912 ,8706 ,9499 ,1433519 ,1094513 ,4184047 ,0.18
2016/10,HNBK,華南,6478282 ,886715 ,641284 ,36195 ,9378 ,753280 ,1837893 ,3887109 ,0.11
2016/10,OURB,大眾,6419160 ,600274 ,324751 ,8732 ,6284 ,928931 ,3553600 ,1936629 ,0.02
2016/10,APBK,元大,5164594 ,556219 ,350340 ,10583 ,3815 ,466036 ,493617 ,4204941 ,0.13
2016/10,ICBC,兆豐,4501052 ,605173 ,411817 ,7154 ,7138 ,1167392 ,798179 ,2535481 ,0.18
2016/10,AE,美運,4191292 ,168882 ,113168 ,3045 ,2725 ,342415 ,0 ,3848877 ,0.32
2016/10,SCBL,渣打,3826192 ,352901 ,213131 ,1315 ,4058 ,1873945 ,586442 ,1365805 ,0.34
2016/10,TACB,合庫,3237752 ,436746 ,266407 ,6108 ,4162 ,633630 ,213283 ,2390839 ,0.49
2016/10,CSMB,凱基,2534085 ,508957 ,198293 ,12296 ,10586 ,1096224 ,357441 ,1080420 ,1.04
2016/10,ENTI,安泰,2098213 ,181786 ,69805 ,761 ,444 ,378983 ,1277805 ,441425 ,0.61
2016/10,SCSB,上海,1860844 ,355524 ,177109 ,1516 ,1750 ,710737 ,177821 ,972286 ,0.70
2016/10,CCBC,彰化,1831166 ,429522 ,208979 ,2634 ,2983 ,365984 ,155578 ,1309604 ,0.40
2016/10,MBBT,台企銀,1492350 ,330676 ,125780 ,640 ,1585 ,455867 ,83972 ,952511 ,0.14
2016/10,LBOT,土地,1130114 ,229206 ,125752 ,3176 ,787 ,281954 ,51116 ,797044 ,0.44
2016/10,JSIB,日盛,1032437 ,177028 ,100550 ,439 ,2115 ,442066 ,205279 ,385092 ,0.30
2016/10,RT,樂天,1006681 ,181475 ,136601 ,11237 ,446 ,124965 ,194492 ,687224 ,0.21
2016/10,BKTW,台銀,865476 ,231086 ,109903 ,2025 ,912 ,229912 ,8893 ,626671 ,0.27
2016/10,TCBB,台中,815880 ,200952 ,78351 ,3463 ,1304 ,268403 ,43534 ,503943 ,2.53
2016/10,SUNY,陽信,571210 ,87929 ,50504 ,1250 ,738 ,246548 ,56831 ,267831 ,0.37
2016/10,AEON,永旺,454495 ,82388 ,36295 ,97 ,4392 ,269420 ,44757 ,140318 ,0.91
2016/10,BKAO,高雄,174228 ,10078 ,4591 ,127 ,44 ,8911 ,105 ,165212 ,0.20
2016/10,COBK,三信,156742 ,17112 ,11110 ,111 ,84 ,31259 ,14970 ,110513 ,0.67
2016/10,HTBK,華泰,75757 ,10160 ,6236 ,13 ,27 ,20068 ,2383 ,53306 ,0.40
2016/10,DBSS,星展,72385 ,12760 ,5860 ,14 ,77 ,21460 ,117 ,50808 ,1.86
